# CC0 Majadroid apocalyptic, welded for Zombie Survival
v -3.958 0.160 3.958 0.418 0.376 0.327
v 3.958 0.160 3.958 0.100 0.110 0.130
v 3.958 0.160 -3.958 0.418 0.376 0.327
v -3.958 0.160 -3.958 0.100 0.110 0.130
v -3.958 0.000 3.958 0.100 0.110 0.130
v 3.958 0.000 3.958 0.500 0.460 0.410
v -3.958 0.000 -3.958 0.420 0.377 0.328
v 3.958 0.000 -3.958 0.100 0.110 0.130
v -4.000 11.221 -4.000 0.084 0.090 0.104
v -4.000 0.000 -4.000 0.420 0.377 0.328
v -4.000 0.000 -3.680 0.100 0.110 0.130
v -4.000 11.010 -3.680 0.348 0.320 0.285
v -3.680 11.285 -4.000 0.100 0.110 0.130
v -3.680 0.000 -4.000 0.100 0.110 0.130
v -3.699 11.082 -3.699 0.347 0.319 0.285
v -3.680 0.000 -3.680 0.420 0.377 0.328
v -4.000 11.651 3.680 0.100 0.110 0.130
v -4.000 0.000 3.680 0.500 0.460 0.410
v -4.000 0.000 4.000 0.084 0.090 0.104
v -4.000 11.910 4.000 0.100 0.110 0.130
v -4.000 11.874 3.956 0.100 0.110 0.130
v -3.697 11.645 3.694 0.084 0.090 0.104
v -3.680 0.000 3.680 0.100 0.110 0.130
v -3.680 11.892 4.000 0.336 0.309 0.275
v -3.680 0.000 4.000 0.500 0.460 0.410
v -3.691 11.666 3.720 0.084 0.090 0.104
v 3.690 10.363 3.695 0.357 0.328 0.293
v 3.680 0.000 3.680 0.420 0.377 0.328
v 3.680 0.000 4.000 0.100 0.110 0.130
v 3.680 10.078 4.000 0.361 0.332 0.296
v 4.000 10.969 3.680 0.348 0.321 0.286
v 4.000 0.000 3.680 0.100 0.110 0.130
v 4.000 10.688 4.000 0.352 0.324 0.289
v 4.000 0.000 4.000 0.420 0.377 0.328
v 3.680 12.375 -4.000 0.329 0.303 0.270
v 3.680 0.000 -4.000 0.500 0.460 0.410
v 3.680 0.000 -3.680 0.100 0.110 0.130
v 3.700 12.419 -3.700 0.328 0.302 0.269
v 4.000 12.495 -4.000 0.327 0.301 0.268
v 4.000 0.000 -4.000 0.084 0.090 0.104
v 4.000 12.534 -3.680 0.327 0.301 0.268
v 4.000 0.000 -3.680 0.500 0.460 0.410
v 3.850 12.547 -0.065 0.100 0.110 0.130
v 3.840 0.000 -0.080 0.500 0.460 0.410
v 3.840 0.000 0.080 0.500 0.460 0.410
v 3.849 12.491 0.067 0.100 0.110 0.130
v 4.000 12.829 -0.080 0.100 0.110 0.130
v 4.000 0.000 -0.080 0.500 0.460 0.410
v 4.000 12.762 0.080 0.084 0.090 0.104
v 4.000 0.000 0.080 0.500 0.460 0.410
v 3.988 12.746 0.066 0.100 0.110 0.130
v 3.840 13.056 -1.840 0.100 0.110 0.130
v 3.840 0.000 -1.840 0.100 0.110 0.130
v 4.000 0.000 -1.840 0.420 0.377 0.328
v 4.000 13.125 -1.840 0.100 0.110 0.130
v 4.000 13.071 -2.000 0.100 0.110 0.130
v 4.000 0.000 -2.000 0.100 0.110 0.130
v 3.840 0.000 -2.000 0.420 0.377 0.328
v 3.840 13.002 -2.000 0.520 0.280 0.160
v 3.845 12.736 -2.805 0.100 0.110 0.130
v 3.840 0.000 -2.800 0.420 0.377 0.328
v 4.000 0.000 -2.800 0.500 0.460 0.410
v 4.000 12.805 -2.800 0.100 0.110 0.130
v 3.979 12.789 -2.820 0.100 0.110 0.130
v 4.000 12.751 -2.960 0.100 0.110 0.130
v 4.000 0.000 -2.960 0.500 0.460 0.410
v 3.840 0.000 -2.960 0.500 0.460 0.410
v 3.851 12.692 -2.945 0.325 0.299 0.266
v 3.840 12.868 -0.880 0.322 0.296 0.264
v 3.840 0.000 -0.880 0.500 0.460 0.410
v 4.000 0.000 -0.880 0.500 0.460 0.410
v 4.000 13.161 -0.880 0.267 0.240 0.209
v 4.000 13.228 -1.040 0.317 0.292 0.260
v 4.000 0.000 -1.040 0.420 0.377 0.328
v 3.840 0.000 -1.040 0.500 0.460 0.410
v 3.840 12.934 -1.040 0.321 0.296 0.263
v 3.846 11.683 1.994 0.339 0.312 0.278
v 3.840 0.000 2.000 0.420 0.377 0.328
v 4.000 0.000 2.000 0.500 0.460 0.410
v 4.000 11.963 2.000 0.335 0.308 0.274
v 4.000 12.030 1.840 0.100 0.110 0.130
v 4.000 0.000 1.840 0.500 0.460 0.410
v 3.840 0.000 1.840 0.500 0.460 0.410
v 3.840 11.736 1.840 0.284 0.255 0.222
v 3.849 12.091 1.027 0.333 0.307 0.273
v 3.840 0.080 1.040 0.100 0.110 0.130
v 4.000 0.080 1.040 0.499 0.459 0.409
v 4.000 12.363 1.040 0.329 0.303 0.270
v 4.000 12.429 0.880 0.328 0.302 0.269
v 4.000 0.080 0.880 0.100 0.110 0.130
v 3.840 0.080 0.880 0.499 0.459 0.409
v 3.846 12.144 0.886 0.332 0.306 0.273
v 3.851 11.297 2.943 0.520 0.280 0.160
v 3.840 0.000 2.960 0.520 0.280 0.160
v 4.000 0.000 2.960 0.420 0.377 0.328
v 4.000 11.564 2.960 0.520 0.280 0.160
v 4.000 11.630 2.800 0.520 0.280 0.160
v 4.000 0.000 2.800 0.520 0.280 0.160
v 3.840 0.000 2.800 0.420 0.377 0.328
v 3.850 11.349 2.815 0.288 0.259 0.225
v -4.000 8.860 -0.080 0.378 0.347 0.310
v -4.000 0.000 -0.080 0.500 0.460 0.410
v -4.000 0.000 0.080 0.500 0.460 0.410
v -4.000 8.928 0.080 0.377 0.347 0.309
v -3.845 8.826 -0.075 0.318 0.285 0.248
v -3.840 0.000 -0.080 0.420 0.377 0.328
v -3.848 8.887 0.068 0.377 0.347 0.309
v -3.840 0.000 0.080 0.500 0.460 0.410
v -3.840 8.846 -0.024 0.378 0.348 0.310
v -4.000 9.794 -1.840 0.520 0.280 0.160
v -4.000 0.000 -1.840 0.437 0.230 0.128
v -3.840 0.000 -1.840 0.500 0.460 0.410
v -3.840 9.826 -1.840 0.364 0.335 0.299
v -3.847 9.926 -1.993 0.520 0.280 0.160
v -3.840 0.000 -2.000 0.520 0.280 0.160
v -4.000 0.000 -2.000 0.500 0.460 0.410
v -4.000 9.900 -2.000 0.520 0.280 0.160
v -4.000 9.823 -1.884 0.437 0.230 0.128
v -3.856 9.905 -1.964 0.520 0.280 0.160
v -4.000 10.428 -2.800 0.356 0.327 0.292
v -4.000 0.000 -2.800 0.500 0.460 0.410
v -3.840 0.000 -2.800 0.500 0.460 0.410
v -3.851 10.467 -2.814 0.100 0.110 0.130
v -3.849 10.551 -2.940 0.354 0.326 0.290
v -3.840 0.000 -2.960 0.500 0.460 0.410
v -4.000 0.000 -2.960 0.500 0.460 0.410
v -4.000 10.534 -2.960 0.354 0.326 0.291
v -4.000 9.160 -0.880 0.314 0.282 0.245
v -4.000 0.000 -0.880 0.100 0.110 0.130
v -3.840 0.000 -0.880 0.420 0.377 0.328
v -3.845 9.194 -0.885 0.373 0.343 0.306
v -3.853 9.281 -1.019 0.312 0.280 0.244
v -3.840 0.000 -1.040 0.100 0.110 0.130
v -4.000 0.000 -1.040 0.084 0.090 0.104
v -4.000 9.265 -1.040 0.372 0.342 0.305
v -3.978 9.258 -1.022 0.372 0.342 0.305
v -4.000 10.291 2.000 0.358 0.329 0.293
v -4.000 0.000 2.000 0.500 0.460 0.410
v -3.840 0.000 2.000 0.500 0.460 0.410
v -3.845 10.279 1.995 0.358 0.329 0.293
v -3.840 10.153 1.840 0.360 0.331 0.295
v -3.840 0.000 1.840 0.500 0.460 0.410
v -4.000 0.000 1.840 0.500 0.460 0.410
v -4.000 10.162 1.840 0.360 0.331 0.295
v -4.000 9.514 1.040 0.369 0.339 0.302
v -4.000 0.000 1.040 0.100 0.110 0.130
v -3.840 0.000 1.040 0.500 0.460 0.410
v -3.851 9.491 1.022 0.310 0.278 0.242
v -3.845 9.380 0.885 0.370 0.341 0.304
v -3.840 0.000 0.880 0.100 0.110 0.130
v -4.000 0.000 0.880 0.500 0.460 0.410
v -4.000 9.385 0.880 0.370 0.341 0.304
v -3.851 9.409 0.920 0.370 0.340 0.303
v -4.000 11.068 2.960 0.347 0.319 0.285
v -4.000 0.000 2.960 0.420 0.377 0.328
v -3.840 0.000 2.960 0.500 0.460 0.410
v -3.840 11.059 2.960 0.520 0.280 0.160
v -3.845 10.946 2.820 0.100 0.110 0.130
v -3.840 0.000 2.800 0.500 0.460 0.410
v -4.000 0.000 2.800 0.500 0.460 0.410
v -4.000 10.939 2.800 0.293 0.263 0.229
v -0.000 11.562 4.000 0.340 0.313 0.279
v -0.000 0.000 4.000 0.500 0.460 0.410
v 0.160 0.000 4.000 0.500 0.460 0.410
v 0.160 11.497 4.000 0.341 0.314 0.280
v 0.004 11.397 3.844 0.343 0.315 0.281
v -0.000 0.000 3.840 0.500 0.460 0.410
v 0.006 11.544 3.986 0.286 0.257 0.223
v 0.147 11.346 3.850 0.343 0.316 0.282
v 0.160 0.000 3.840 0.500 0.460 0.410
v -1.760 11.786 4.000 0.100 0.110 0.130
v -1.760 0.000 4.000 0.100 0.110 0.130
v -1.760 0.000 3.840 0.420 0.377 0.328
v -1.760 11.657 3.840 0.339 0.312 0.278
v -1.920 11.665 3.840 0.084 0.090 0.104
v -1.920 0.000 3.840 0.100 0.110 0.130
v -1.920 0.000 4.000 0.100 0.110 0.130
v -1.920 11.795 4.000 0.100 0.110 0.130
v -1.920 11.778 3.979 0.337 0.310 0.277
v -2.720 11.839 4.000 0.336 0.310 0.276
v -2.720 0.000 4.000 0.500 0.460 0.410
v -2.720 0.000 3.840 0.500 0.460 0.410
v -2.720 11.710 3.840 0.338 0.311 0.277
v -2.876 11.721 3.844 0.338 0.311 0.277
v -2.880 0.000 3.840 0.500 0.460 0.410
v -2.880 0.000 4.000 0.500 0.460 0.410
v -2.880 11.848 4.000 0.336 0.309 0.276
v -2.872 11.833 3.982 0.337 0.310 0.276
v -0.800 11.733 4.000 0.338 0.311 0.277
v -0.800 0.000 4.000 0.500 0.460 0.410
v -0.800 0.000 3.840 0.500 0.460 0.410
v -0.813 11.611 3.848 0.340 0.312 0.279
v -0.948 11.618 3.848 0.100 0.110 0.130
v -0.960 0.000 3.840 0.100 0.110 0.130
v -0.960 0.000 4.000 0.500 0.460 0.410
v -0.960 11.742 4.000 0.284 0.255 0.222
v -0.941 11.720 3.975 0.338 0.311 0.277
v 2.080 10.724 4.000 0.352 0.324 0.288
v 2.080 0.000 4.000 0.420 0.377 0.328
v 2.080 0.000 3.840 0.500 0.460 0.410
v 2.075 10.564 3.845 0.354 0.326 0.290
v 1.935 10.625 3.849 0.353 0.325 0.290
v 1.920 0.000 3.840 0.420 0.377 0.328
v 1.920 0.000 4.000 0.500 0.460 0.410
v 1.920 10.788 4.000 0.295 0.265 0.230
v 1.120 11.111 4.000 0.100 0.110 0.130
v 1.120 0.000 4.000 0.100 0.110 0.130
v 1.120 0.000 3.840 0.420 0.377 0.328
v 1.113 10.955 3.848 0.100 0.110 0.130
v 0.965 11.011 3.845 0.100 0.110 0.130
v 0.960 0.000 3.840 0.100 0.110 0.130
v 0.960 0.000 4.000 0.100 0.110 0.130
v 0.960 11.175 4.000 0.084 0.090 0.104
v 0.966 11.156 3.984 0.100 0.110 0.130
v 0.993 11.008 3.853 0.100 0.110 0.130
v 3.040 10.050 4.000 0.520 0.280 0.160
v 3.040 0.000 4.000 0.520 0.280 0.160
v 3.040 0.000 3.840 0.500 0.460 0.410
v 3.040 9.905 3.840 0.437 0.230 0.128
v 2.901 10.022 3.849 0.437 0.230 0.128
v 2.880 0.000 3.840 0.500 0.460 0.410
v 2.880 0.000 4.000 0.420 0.377 0.328
v 2.880 10.175 4.000 0.520 0.280 0.160
v 0.006 8.202 -3.846 0.387 0.356 0.317
v -0.000 0.000 -3.840 0.500 0.460 0.410
v 0.160 0.000 -3.840 0.500 0.460 0.410
v 0.160 7.953 -3.840 0.100 0.110 0.130
v -0.000 8.376 -4.000 0.384 0.354 0.315
v -0.000 0.000 -4.000 0.500 0.460 0.410
v 0.160 8.124 -4.000 0.388 0.357 0.318
v 0.160 0.000 -4.000 0.500 0.460 0.410
v 0.063 8.278 -4.000 0.386 0.355 0.316
v -1.760 10.247 -3.840 0.084 0.090 0.104
v -1.760 0.000 -3.840 0.100 0.110 0.130
v -1.760 0.000 -4.000 0.500 0.460 0.410
v -1.760 10.360 -4.000 0.100 0.110 0.130
v -1.920 10.523 -4.000 0.520 0.280 0.160
v -1.920 0.000 -4.000 0.520 0.280 0.160
v -1.920 0.000 -3.840 0.500 0.460 0.410
v -1.920 10.410 -3.840 0.100 0.110 0.130
v -1.883 10.486 -4.000 0.520 0.280 0.160
v -2.720 11.226 -3.840 0.345 0.317 0.283
v -2.720 0.000 -3.840 0.500 0.460 0.410
v -2.720 0.000 -4.000 0.500 0.460 0.410
v -2.720 11.339 -4.000 0.343 0.316 0.282
v -2.880 11.443 -4.000 0.287 0.258 0.224
v -2.880 0.000 -4.000 0.500 0.460 0.410
v -2.880 0.000 -3.840 0.500 0.460 0.410
v -2.874 11.343 -3.846 0.343 0.316 0.282
v -2.843 11.354 -3.854 0.343 0.316 0.281
v -2.832 11.453 -4.000 0.287 0.258 0.224
v -0.805 9.276 -3.845 0.372 0.342 0.305
v -0.800 0.000 -3.840 0.500 0.460 0.410
v -0.800 0.000 -4.000 0.500 0.460 0.410
v -0.800 9.381 -4.000 0.370 0.341 0.304
v -0.960 9.545 -4.000 0.368 0.339 0.302
v -0.960 0.000 -4.000 0.100 0.110 0.130
v -0.960 0.000 -3.840 0.420 0.377 0.328
v -0.942 9.421 -3.851 0.370 0.340 0.303
v -0.850 9.319 -3.840 0.312 0.280 0.244
v 2.080 9.455 -3.840 0.100 0.110 0.130
v 2.080 0.000 -3.840 0.500 0.460 0.410
v 2.080 0.000 -4.000 0.420 0.377 0.328
v 2.080 9.668 -4.000 0.308 0.276 0.240
v 1.920 9.008 -4.000 0.376 0.345 0.308
v 1.920 0.000 -4.000 0.500 0.460 0.410
v 1.920 0.000 -3.840 0.500 0.460 0.410
v 1.920 8.795 -3.840 0.318 0.286 0.248
v 2.029 9.244 -3.840 0.084 0.090 0.104
v 1.972 9.221 -4.000 0.373 0.343 0.306
v 1.115 6.453 -3.845 0.411 0.378 0.337
v 1.120 0.000 -3.840 0.100 0.110 0.130
v 1.120 0.000 -4.000 0.100 0.110 0.130
v 1.120 6.610 -4.000 0.409 0.376 0.335
v 1.116 6.508 -3.899 0.410 0.377 0.336
v 0.960 6.863 -4.000 0.405 0.373 0.332
v 0.960 0.000 -4.000 0.100 0.110 0.130
v 0.960 0.000 -3.840 0.500 0.460 0.410
v 0.966 6.688 -3.846 0.342 0.307 0.267
v 1.037 6.570 -3.840 0.409 0.376 0.336
v 3.024 12.107 -3.849 0.437 0.230 0.128
v 3.040 0.000 -3.840 0.437 0.230 0.128
v 3.040 0.000 -4.000 0.500 0.460 0.410
v 3.040 12.073 -4.000 0.100 0.110 0.130
v 2.880 11.882 -4.000 0.336 0.309 0.275
v 2.880 0.000 -4.000 0.420 0.377 0.328
v 2.880 0.000 -3.840 0.500 0.460 0.410
v 2.897 11.954 -3.850 0.335 0.308 0.275
v -2.554 10.144 -2.554 0.360 0.331 0.295
v -2.560 0.000 -2.560 0.084 0.090 0.104
v -2.560 0.000 -1.920 0.500 0.460 0.410
v -2.539 9.689 -1.934 0.100 0.110 0.130
v -1.932 9.502 -2.543 0.100 0.110 0.130
v -1.920 0.000 -2.560 0.500 0.460 0.410
v -2.390 9.981 -2.560 0.362 0.333 0.297
v -1.945 9.084 -1.934 0.375 0.345 0.307
v -1.920 0.000 -1.920 0.420 0.377 0.328
v -2.540 10.162 1.940 0.100 0.110 0.130
v -2.560 0.000 1.920 0.100 0.110 0.130
v -2.560 0.000 2.560 0.100 0.110 0.130
v -2.553 10.658 2.552 0.353 0.324 0.289
v -2.560 10.549 2.416 0.354 0.326 0.290
v -1.920 10.111 1.920 0.303 0.272 0.236
v -1.920 0.000 1.920 0.100 0.110 0.130
v -2.397 10.138 1.920 0.100 0.110 0.130
v -1.941 10.614 2.539 0.297 0.266 0.232
v -1.920 0.000 2.560 0.500 0.460 0.410
v -0.315 7.328 -2.555 0.399 0.367 0.327
v -0.320 0.000 -2.560 0.500 0.460 0.410
v -0.320 0.000 -1.920 0.420 0.377 0.328
v -0.315 6.655 -1.925 0.408 0.375 0.335
v -1.920 0.000 0.320 0.500 0.460 0.410
v -2.560 0.000 0.320 0.500 0.460 0.410
v -2.560 0.000 -0.320 0.100 0.110 0.130
v -1.920 0.000 -0.320 0.420 0.377 0.328
v -2.555 8.740 0.315 0.379 0.349 0.311
v -1.925 8.334 0.315 0.385 0.354 0.316
v -1.925 7.473 -0.315 0.397 0.365 0.325
v -1.920 7.419 -0.272 0.334 0.300 0.261
v -2.555 8.465 -0.315 0.100 0.110 0.130
v -2.300 8.069 -0.320 0.084 0.090 0.104
v -2.560 8.185 -0.045 0.100 0.110 0.130
v 0.320 0.000 -1.920 0.500 0.460 0.410
v 0.320 0.000 -2.560 0.500 0.460 0.410
v 0.315 5.662 -1.925 0.422 0.388 0.346
v 0.314 6.335 -2.554 0.347 0.311 0.271
v -0.315 9.522 1.925 0.520 0.280 0.160
v -0.320 0.000 1.920 0.500 0.460 0.410
v -0.320 0.000 2.560 0.100 0.110 0.130
v -0.320 10.187 2.560 0.359 0.331 0.295
v 0.311 9.275 1.930 0.372 0.342 0.305
v 0.320 0.000 1.920 0.084 0.090 0.104
v 0.315 9.926 2.555 0.363 0.334 0.297
v 0.320 0.000 2.560 0.500 0.460 0.410
v 0.320 0.000 0.320 0.420 0.377 0.328
v -0.320 0.000 0.320 0.100 0.110 0.130
v -0.320 0.000 -0.320 0.420 0.377 0.328
v 0.320 0.000 -0.320 0.100 0.110 0.130
v -0.320 7.306 0.320 0.399 0.367 0.327
v 0.320 6.893 0.320 0.100 0.110 0.130
v 0.314 5.912 -0.314 0.100 0.110 0.130
v -0.314 6.318 -0.314 0.100 0.110 0.130
v 1.930 7.112 -2.544 0.084 0.090 0.104
v 1.920 0.000 -2.560 0.100 0.110 0.130
v 1.920 0.000 -1.920 0.100 0.110 0.130
v 1.920 6.408 -1.920 0.411 0.379 0.337
v 1.920 6.674 -2.246 0.408 0.375 0.334
v 2.560 0.000 -1.920 0.500 0.460 0.410
v 2.560 0.000 -2.560 0.100 0.110 0.130
v 2.560 9.847 -1.920 0.100 0.110 0.130
v 2.556 10.016 -2.556 0.361 0.332 0.296
v 2.176 8.150 -2.560 0.100 0.110 0.130
v 2.317 8.730 -2.560 0.100 0.110 0.130
v 1.939 8.352 1.932 0.100 0.110 0.130
v 1.920 0.000 1.920 0.420 0.377 0.328
v 1.920 0.000 2.560 0.100 0.110 0.130
v 1.935 9.267 2.549 0.312 0.280 0.244
v 2.560 8.711 1.920 0.100 0.110 0.130
v 2.560 0.000 1.920 0.100 0.110 0.130
v 2.431 8.015 1.920 0.437 0.230 0.128
v 2.541 8.919 2.548 0.084 0.090 0.104
v 2.560 0.000 2.560 0.420 0.377 0.328
v 2.560 8.586 2.342 0.100 0.110 0.130
v 2.560 0.000 0.320 0.500 0.460 0.410
v 1.920 0.000 0.320 0.084 0.090 0.104
v 1.920 0.000 -0.320 0.500 0.460 0.410
v 2.560 0.000 -0.320 0.100 0.110 0.130
v 1.930 5.844 0.314 0.100 0.110 0.130
v 2.560 9.184 0.320 0.313 0.281 0.245
v 2.555 9.344 -0.315 0.370 0.341 0.304
v 1.920 5.935 -0.320 0.437 0.230 0.128
v 1.919 5.762 0.256 0.420 0.387 0.345
v -3.958 0.720 3.958 0.490 0.451 0.402
v 3.958 0.720 3.958 0.490 0.451 0.402
v 3.958 0.720 -3.958 0.490 0.451 0.402
v -3.958 0.720 -3.958 0.490 0.451 0.402
v -3.958 0.640 3.958 0.100 0.110 0.130
v 3.958 0.640 3.958 0.491 0.452 0.403
v -3.958 0.640 -3.958 0.491 0.452 0.403
v 3.958 0.640 -3.958 0.100 0.110 0.130
v 3.862 11.078 3.254 0.100 0.110 0.130
v 3.862 0.160 3.254 0.084 0.090 0.104
v 3.862 0.160 3.318 0.100 0.110 0.130
v 3.862 11.022 3.318 0.100 0.110 0.130
v 3.926 11.200 3.254 0.084 0.090 0.104
v 3.926 0.160 3.254 0.100 0.110 0.130
v 3.911 11.142 3.288 0.084 0.090 0.104
v 3.926 0.160 3.318 0.100 0.110 0.130
v 3.895 0.464 3.680 0.100 0.110 0.130
v 3.892 0.464 -3.680 0.100 0.110 0.130
v 3.895 0.432 -3.680 0.100 0.110 0.130
v 3.892 0.432 3.680 0.100 0.110 0.130
v 3.894 0.352 3.680 0.100 0.110 0.130
v 3.894 0.352 -3.680 0.100 0.110 0.130
v 3.862 11.554 2.374 0.340 0.313 0.279
v 3.862 0.160 2.374 0.498 0.458 0.408
v 3.862 0.160 2.438 0.498 0.458 0.408
v 3.862 11.527 2.438 0.286 0.257 0.224
v 3.918 11.668 2.347 0.285 0.256 0.222
v 3.926 0.160 2.374 0.498 0.458 0.408
v 3.871 11.568 2.381 0.340 0.313 0.279
v 3.903 11.614 2.410 0.339 0.312 0.278
v 3.926 0.160 2.438 0.418 0.376 0.327
v 3.862 11.953 1.414 0.100 0.110 0.130
v 3.862 0.160 1.414 0.084 0.090 0.104
v 3.862 0.160 1.478 0.100 0.110 0.130
v 3.862 11.927 1.478 0.100 0.110 0.130
v 3.926 12.071 1.414 0.280 0.251 0.219
v 3.926 0.160 1.414 0.100 0.110 0.130
v 3.908 12.018 1.460 0.334 0.307 0.274
v 3.926 0.160 1.478 0.100 0.110 0.130
v 3.862 12.353 0.454 0.520 0.280 0.160
v 3.862 0.160 0.454 0.520 0.280 0.160
v 3.862 0.160 0.518 0.520 0.280 0.160
v 3.862 12.326 0.518 0.520 0.280 0.160
v 3.926 12.470 0.454 0.520 0.280 0.160
v 3.926 0.160 0.454 0.520 0.280 0.160
v 3.924 12.437 0.523 0.437 0.230 0.128
v 3.926 0.160 0.518 0.520 0.280 0.160
v 3.862 12.752 -0.506 0.324 0.298 0.266
v 3.862 0.160 -0.506 0.498 0.458 0.408
v 3.862 0.160 -0.442 0.418 0.376 0.327
v 3.862 12.725 -0.442 0.324 0.298 0.266
v 3.926 12.869 -0.506 0.322 0.296 0.264
v 3.926 0.160 -0.506 0.418 0.376 0.327
v 3.908 12.823 -0.472 0.271 0.243 0.212
v 3.926 0.160 -0.442 0.498 0.458 0.408
v 3.862 13.151 -1.466 0.318 0.293 0.261
v 3.862 0.160 -1.466 0.100 0.110 0.130
v 3.862 0.160 -1.402 0.100 0.110 0.130
v 3.862 13.125 -1.402 0.319 0.293 0.261
v 3.910 13.214 -1.455 0.317 0.292 0.260
v 3.926 0.160 -1.466 0.100 0.110 0.130
v 3.882 13.184 -1.455 0.318 0.292 0.260
v 3.909 13.221 -1.426 0.317 0.292 0.260
v 3.926 0.160 -1.402 0.100 0.110 0.130
v 3.862 12.870 -2.426 0.100 0.110 0.130
v 3.862 0.160 -2.426 0.498 0.458 0.408
v 3.862 0.160 -2.362 0.498 0.458 0.408
v 3.862 12.891 -2.362 0.100 0.110 0.130
v 3.896 12.892 -2.403 0.100 0.110 0.130
v 3.926 0.160 -2.426 0.498 0.458 0.408
v 3.900 12.904 -2.372 0.100 0.110 0.130
v 3.926 0.160 -2.362 0.418 0.376 0.327
v 3.862 12.549 -3.386 0.327 0.300 0.268
v 3.862 0.160 -3.386 0.418 0.376 0.327
v 3.862 0.160 -3.322 0.498 0.458 0.408
v 3.862 12.571 -3.322 0.326 0.300 0.268
v 3.898 12.575 -3.356 0.326 0.300 0.267
v 3.926 0.160 -3.386 0.498 0.458 0.408
v 3.923 12.597 -3.322 0.326 0.300 0.267
v 3.926 0.160 -3.322 0.498 0.458 0.408
v -3.924 11.300 3.252 0.520 0.280 0.160
v -3.926 0.160 3.254 0.520 0.280 0.160
v -3.926 0.160 3.318 0.100 0.110 0.130
v -3.903 11.334 3.295 0.100 0.110 0.130
v -3.862 11.298 3.254 0.100 0.110 0.130
v -3.862 0.160 3.254 0.100 0.110 0.130
v -3.862 11.350 3.318 0.100 0.110 0.130
v -3.862 0.160 3.318 0.100 0.110 0.130
v -3.892 0.464 3.680 0.100 0.110 0.130
v -3.895 0.464 -3.680 0.100 0.110 0.130
v -3.892 0.432 -3.680 0.100 0.110 0.130
v -3.895 0.432 3.680 0.100 0.110 0.130
v -3.894 0.352 3.680 0.100 0.110 0.130
v -3.894 0.352 -3.680 0.100 0.110 0.130
v -3.909 10.593 2.379 0.297 0.267 0.232
v -3.926 0.160 2.374 0.418 0.376 0.327
v -3.926 0.160 2.438 0.498 0.458 0.408
v -3.897 10.618 2.411 0.353 0.325 0.289
v -3.862 10.586 2.374 0.354 0.325 0.290
v -3.862 0.160 2.374 0.498 0.458 0.408
v -3.862 10.638 2.438 0.353 0.325 0.289
v -3.862 0.160 2.438 0.498 0.458 0.408
v -3.897 9.826 1.432 0.364 0.335 0.299
v -3.926 0.160 1.414 0.100 0.110 0.130
v -3.926 0.160 1.478 0.100 0.110 0.130
v -3.896 9.868 1.484 0.364 0.335 0.298
v -3.862 9.809 1.414 0.364 0.335 0.299
v -3.862 0.160 1.414 0.100 0.110 0.130
v -3.862 9.861 1.478 0.364 0.335 0.298
v -3.862 0.160 1.478 0.100 0.110 0.130
v -3.899 9.073 0.478 0.520 0.280 0.160
v -3.926 0.160 0.454 0.520 0.280 0.160
v -3.926 0.160 0.518 0.437 0.230 0.128
v -3.914 9.092 0.515 0.437 0.230 0.128
v -3.862 9.054 0.454 0.437 0.230 0.128
v -3.862 0.160 0.454 0.437 0.230 0.128
v -3.862 9.084 0.518 0.520 0.280 0.160
v -3.862 0.160 0.518 0.520 0.280 0.160
v -3.926 8.928 -0.506 0.316 0.284 0.247
v -3.926 0.160 -0.506 0.498 0.458 0.408
v -3.926 0.160 -0.442 0.498 0.458 0.408
v -3.903 8.895 -0.450 0.377 0.347 0.309
v -3.862 8.940 -0.506 0.376 0.346 0.309
v -3.862 0.160 -0.506 0.498 0.458 0.408
v -3.862 8.898 -0.442 0.377 0.347 0.309
v -3.862 0.160 -0.442 0.498 0.458 0.408
v -3.897 9.560 -1.454 0.368 0.338 0.302
v -3.926 0.160 -1.466 0.100 0.110 0.130
v -3.926 0.160 -1.402 0.100 0.110 0.130
v -3.893 9.543 -1.427 0.368 0.339 0.302
v -3.862 9.575 -1.466 0.368 0.338 0.302
v -3.862 0.160 -1.466 0.100 0.110 0.130
v -3.862 9.532 -1.402 0.368 0.339 0.302
v -3.862 0.160 -1.402 0.084 0.090 0.104
v -3.902 10.191 -2.411 0.100 0.110 0.130
v -3.926 0.160 -2.426 0.418 0.376 0.327
v -3.926 0.160 -2.362 0.498 0.458 0.408
v -3.895 10.168 -2.375 0.100 0.110 0.130
v -3.862 10.209 -2.426 0.100 0.110 0.130
v -3.862 0.160 -2.426 0.498 0.458 0.408
v -3.862 10.167 -2.362 0.100 0.110 0.130
v -3.862 0.160 -2.362 0.498 0.458 0.408
v -3.895 10.815 -3.353 0.350 0.322 0.287
v -3.926 0.160 -3.386 0.498 0.458 0.408
v -3.926 0.160 -3.322 0.498 0.458 0.408
v -3.926 10.788 -3.322 0.351 0.323 0.288
v -3.862 10.843 -3.386 0.350 0.322 0.287
v -3.862 0.160 -3.386 0.498 0.458 0.408
v -3.862 10.801 -3.322 0.295 0.265 0.230
v -3.862 0.160 -3.322 0.498 0.458 0.408
v 3.254 9.816 3.926 0.364 0.335 0.299
v 3.254 0.160 3.926 0.100 0.110 0.130
v 3.318 0.160 3.926 0.084 0.090 0.104
v 3.289 9.761 3.896 0.307 0.275 0.239
v 3.254 9.758 3.862 0.365 0.336 0.299
v 3.254 0.160 3.862 0.100 0.110 0.130
v 3.318 9.708 3.862 0.366 0.337 0.300
v 3.318 0.160 3.862 0.100 0.110 0.130
v 3.680 0.464 3.892 0.100 0.110 0.130
v -3.680 0.464 3.895 0.100 0.110 0.130
v -3.680 0.432 3.892 0.100 0.110 0.130
v 3.680 0.432 3.895 0.100 0.110 0.130
v 3.680 0.352 3.894 0.100 0.110 0.130
v -3.680 0.352 3.894 0.100 0.110 0.130
v 2.349 10.507 3.907 0.355 0.326 0.291
v 2.374 0.160 3.926 0.498 0.458 0.408
v 2.438 0.160 3.926 0.498 0.458 0.408
v 2.408 10.457 3.903 0.100 0.110 0.130
v 2.374 10.446 3.862 0.100 0.110 0.130
v 2.374 0.160 3.862 0.498 0.458 0.408
v 2.438 10.396 3.862 0.100 0.110 0.130
v 2.438 0.160 3.862 0.498 0.458 0.408
v 1.432 10.876 3.895 0.349 0.321 0.286
v 1.414 0.160 3.926 0.100 0.110 0.130
v 1.478 0.160 3.926 0.100 0.110 0.130
v 1.455 10.869 3.898 0.350 0.322 0.287
v 1.414 10.848 3.862 0.350 0.322 0.287
v 1.414 0.160 3.862 0.084 0.090 0.104
v 1.478 10.822 3.862 0.350 0.322 0.287
v 1.478 0.160 3.862 0.100 0.110 0.130
v 0.469 11.278 3.909 0.520 0.280 0.160
v 0.454 0.160 3.926 0.520 0.280 0.160
v 0.518 0.160 3.926 0.437 0.230 0.128
v 0.513 11.272 3.921 0.520 0.280 0.160
v 0.454 11.234 3.862 0.520 0.280 0.160
v 0.454 0.160 3.862 0.520 0.280 0.160
v 0.518 11.209 3.862 0.520 0.280 0.160
v 0.518 0.160 3.862 0.520 0.280 0.160
v -0.522 11.646 3.911 0.339 0.312 0.278
v -0.506 0.160 3.926 0.498 0.458 0.408
v -0.442 0.160 3.926 0.498 0.458 0.408
v -0.469 11.629 3.894 0.339 0.312 0.278
v -0.506 11.605 3.862 0.340 0.312 0.279
v -0.506 0.160 3.862 0.498 0.458 0.408
v -0.449 11.598 3.862 0.340 0.313 0.279
v -0.442 0.160 3.862 0.498 0.458 0.408
v -1.455 11.688 3.900 0.100 0.110 0.130
v -1.466 0.160 3.926 0.084 0.090 0.104
v -1.402 0.160 3.926 0.100 0.110 0.130
v -1.425 11.684 3.897 0.100 0.110 0.130
v -1.466 11.658 3.862 0.084 0.090 0.104
v -1.466 0.160 3.862 0.100 0.110 0.130
v -1.402 11.654 3.862 0.100 0.110 0.130
v -1.402 0.160 3.862 0.084 0.090 0.104
v -2.404 11.743 3.903 0.283 0.255 0.221
v -2.426 0.160 3.926 0.498 0.458 0.408
v -2.362 0.160 3.926 0.498 0.458 0.408
v -2.373 11.747 3.910 0.338 0.311 0.277
v -2.426 11.711 3.862 0.338 0.311 0.277
v -2.426 0.160 3.862 0.498 0.458 0.408
v -2.362 11.707 3.862 0.284 0.255 0.222
v -2.362 0.160 3.862 0.498 0.458 0.408
v -3.363 11.806 3.915 0.337 0.310 0.276
v -3.386 0.160 3.926 0.498 0.458 0.408
v -3.322 0.160 3.926 0.498 0.458 0.408
v -3.322 11.812 3.926 0.337 0.310 0.276
v -3.386 11.764 3.862 0.337 0.310 0.277
v -3.386 0.160 3.862 0.418 0.376 0.327
v -3.322 11.760 3.862 0.338 0.311 0.277
v -3.322 0.160 3.862 0.498 0.458 0.408
v 3.254 12.232 -3.862 0.331 0.305 0.271
v 3.254 0.160 -3.862 0.100 0.110 0.130
v 3.318 0.160 -3.862 0.100 0.110 0.130
v 3.318 12.256 -3.862 0.331 0.304 0.271
v 3.227 12.217 -3.898 0.520 0.280 0.160
v 3.254 0.160 -3.926 0.520 0.280 0.160
v 3.287 12.240 -3.895 0.331 0.304 0.271
v 3.318 0.160 -3.926 0.100 0.110 0.130
v 3.680 0.464 -3.895 0.084 0.090 0.104
v -3.680 0.464 -3.892 0.100 0.110 0.130
v -3.680 0.432 -3.895 0.100 0.110 0.130
v 3.680 0.432 -3.892 0.084 0.090 0.104
v 3.680 0.352 -3.894 0.084 0.090 0.104
v -3.680 0.352 -3.894 0.100 0.110 0.130
v 2.374 10.696 -3.862 0.352 0.324 0.289
v 2.374 0.160 -3.862 0.498 0.458 0.408
v 2.438 0.160 -3.862 0.498 0.458 0.408
v 2.438 10.960 -3.862 0.293 0.263 0.229
v 2.372 10.761 -3.915 0.351 0.323 0.288
v 2.374 0.160 -3.926 0.498 0.458 0.408
v 2.436 11.001 -3.898 0.292 0.262 0.228
v 2.438 0.160 -3.926 0.498 0.458 0.408
v 1.414 6.734 -3.862 0.407 0.374 0.334
v 1.414 0.160 -3.862 0.084 0.090 0.104
v 1.478 0.160 -3.862 0.100 0.110 0.130
v 1.478 6.998 -3.862 0.403 0.371 0.331
v 1.418 6.807 -3.902 0.341 0.306 0.266
v 1.414 0.160 -3.926 0.100 0.110 0.130
v 1.484 7.070 -3.896 0.402 0.370 0.330
v 1.478 0.160 -3.926 0.084 0.090 0.104
v 0.454 7.513 -3.862 0.520 0.280 0.160
v 0.454 0.160 -3.862 0.520 0.280 0.160
v 0.518 0.160 -3.862 0.520 0.280 0.160
v 0.518 7.412 -3.862 0.520 0.280 0.160
v 0.454 7.582 -3.926 0.520 0.280 0.160
v 0.454 0.160 -3.926 0.520 0.280 0.160
v 0.509 7.470 -3.903 0.520 0.280 0.160
v 0.518 0.160 -3.926 0.520 0.280 0.160
v -0.506 8.984 -3.862 0.376 0.346 0.308
v -0.506 0.160 -3.862 0.498 0.458 0.408
v -0.442 0.160 -3.862 0.498 0.458 0.408
v -0.442 8.919 -3.862 0.377 0.347 0.309
v -0.506 9.029 -3.926 0.315 0.283 0.246
v -0.506 0.160 -3.926 0.418 0.376 0.327
v -0.462 8.962 -3.894 0.376 0.346 0.308
v -0.442 0.160 -3.926 0.498 0.458 0.408
v -1.466 9.963 -3.862 0.304 0.273 0.238
v -1.466 0.160 -3.862 0.100 0.110 0.130
v -1.402 0.160 -3.862 0.084 0.090 0.104
v -1.402 9.897 -3.862 0.305 0.274 0.238
v -1.463 9.986 -3.899 0.362 0.333 0.297
v -1.466 0.160 -3.926 0.100 0.110 0.130
v -1.430 9.951 -3.898 0.305 0.274 0.238
v -1.402 0.160 -3.926 0.100 0.110 0.130
v -2.426 10.941 -3.862 0.100 0.110 0.130
v -2.426 0.160 -3.862 0.498 0.458 0.408
v -2.362 0.160 -3.862 0.498 0.458 0.408
v -2.362 10.876 -3.862 0.100 0.110 0.130
v -2.418 10.957 -3.895 0.100 0.110 0.130
v -2.426 0.160 -3.926 0.498 0.458 0.408
v -2.372 10.923 -3.913 0.100 0.110 0.130
v -2.362 0.160 -3.926 0.498 0.458 0.408
v -3.386 11.251 -3.862 0.345 0.317 0.283
v -3.386 0.160 -3.862 0.418 0.376 0.327
v -3.322 0.160 -3.862 0.498 0.458 0.408
v -3.322 11.264 -3.862 0.289 0.260 0.226
v -3.352 11.282 -3.897 0.344 0.316 0.282
v -3.386 0.160 -3.926 0.498 0.458 0.408
v -3.322 11.306 -3.926 0.344 0.316 0.282
v -3.322 0.160 -3.926 0.418 0.376 0.327
v -3.958 1.280 3.958 0.482 0.444 0.395
v 3.958 1.280 3.958 0.482 0.444 0.395
v 3.958 1.280 -3.958 0.482 0.444 0.395
v -3.958 1.280 -3.958 0.482 0.444 0.395
v -3.958 1.200 3.958 0.483 0.445 0.396
v 3.958 1.200 3.958 0.406 0.365 0.317
v -3.958 1.200 -3.958 0.483 0.445 0.396
v 3.958 1.200 -3.958 0.483 0.445 0.396
v 3.894 1.008 3.680 0.486 0.447 0.398
v 3.894 1.008 -3.680 0.408 0.367 0.319
v 3.895 0.928 3.680 0.487 0.448 0.399
v 3.892 0.928 -3.680 0.487 0.448 0.399
v 3.895 0.896 -3.680 0.488 0.449 0.400
v 3.892 0.896 3.680 0.488 0.449 0.400
v -3.894 1.008 3.680 0.486 0.447 0.398
v -3.894 1.008 -3.680 0.486 0.447 0.398
v -3.892 0.928 3.680 0.409 0.368 0.320
v -3.895 0.928 -3.680 0.487 0.448 0.399
v -3.892 0.896 -3.680 0.488 0.449 0.400
v -3.895 0.896 3.680 0.410 0.368 0.320
v 3.680 1.008 3.894 0.408 0.367 0.319
v -3.680 1.008 3.894 0.486 0.447 0.398
v 3.680 0.928 3.892 0.487 0.448 0.399
v -3.680 0.928 3.895 0.487 0.448 0.399
v -3.680 0.896 3.892 0.488 0.449 0.400
v 3.680 0.896 3.895 0.488 0.449 0.400
v 3.680 1.008 -3.894 0.486 0.447 0.398
v -3.680 1.008 -3.894 0.486 0.447 0.398
v 3.680 0.928 -3.895 0.487 0.448 0.399
v -3.680 0.928 -3.892 0.487 0.448 0.399
v -3.680 0.896 -3.895 0.488 0.449 0.400
v 3.680 0.896 -3.892 0.488 0.449 0.400
v -3.958 1.840 3.958 0.399 0.358 0.311
v 3.958 1.840 3.958 0.475 0.437 0.389
v 3.958 1.840 -3.958 0.399 0.358 0.311
v -3.958 1.840 -3.958 0.475 0.437 0.389
v -3.958 1.760 3.958 0.400 0.359 0.312
v 3.958 1.760 3.958 0.476 0.438 0.390
v -3.958 1.760 -3.958 0.476 0.438 0.390
v 3.958 1.760 -3.958 0.400 0.359 0.312
v 3.895 1.584 3.680 0.478 0.440 0.392
v 3.892 1.584 -3.680 0.478 0.440 0.392
v 3.895 1.552 -3.680 0.479 0.440 0.392
v 3.892 1.552 3.680 0.479 0.440 0.392
v 3.894 1.472 3.680 0.479 0.441 0.393
v 3.894 1.472 -3.680 0.479 0.441 0.393
v -3.892 1.584 3.680 0.478 0.440 0.392
v -3.895 1.584 -3.680 0.478 0.440 0.392
v -3.892 1.552 -3.680 0.479 0.440 0.392
v -3.895 1.552 3.680 0.479 0.440 0.392
v -3.894 1.472 3.680 0.479 0.441 0.393
v -3.894 1.472 -3.680 0.479 0.441 0.393
v 3.680 1.584 3.892 0.478 0.440 0.392
v -3.680 1.584 3.895 0.478 0.440 0.392
v -3.680 1.552 3.892 0.479 0.440 0.392
v 3.680 1.552 3.895 0.479 0.440 0.392
v 3.680 1.472 3.894 0.479 0.441 0.393
v -3.680 1.472 3.894 0.479 0.441 0.393
v 3.680 1.584 -3.895 0.478 0.440 0.392
v -3.680 1.584 -3.892 0.402 0.361 0.314
v -3.680 1.552 -3.895 0.402 0.361 0.314
v 3.680 1.552 -3.892 0.479 0.440 0.392
v 3.680 1.472 -3.894 0.479 0.441 0.393
v -3.680 1.472 -3.894 0.403 0.362 0.315
v -3.958 2.400 3.958 0.467 0.429 0.383
v 3.958 2.400 3.958 0.467 0.429 0.383
v 3.958 2.400 -3.958 0.467 0.429 0.383
v -3.958 2.400 -3.958 0.084 0.090 0.104
v -3.958 2.320 3.958 0.100 0.110 0.130
v 3.958 2.320 3.958 0.468 0.431 0.384
v -3.958 2.320 -3.958 0.468 0.431 0.384
v 3.958 2.320 -3.958 0.468 0.431 0.384
v 3.895 2.144 3.680 0.084 0.090 0.104
v 3.892 2.144 -3.680 0.470 0.433 0.386
v 3.895 2.112 -3.680 0.471 0.433 0.386
v 3.892 2.112 3.680 0.084 0.090 0.104
v 3.894 2.032 3.680 0.472 0.434 0.387
v 3.894 2.032 -3.680 0.472 0.434 0.387
v -3.892 2.144 3.680 0.100 0.110 0.130
v -3.895 2.144 -3.680 0.395 0.355 0.309
v -3.892 2.112 -3.680 0.395 0.355 0.309
v -3.895 2.112 3.680 0.100 0.110 0.130
v -3.894 2.032 3.680 0.472 0.434 0.387
v -3.894 2.032 -3.680 0.472 0.434 0.387
v 3.680 2.144 3.892 0.100 0.110 0.130
v -3.680 2.144 3.895 0.395 0.355 0.309
v -3.680 2.112 3.892 0.395 0.355 0.309
v 3.680 2.112 3.895 0.100 0.110 0.130
v 3.680 2.032 3.894 0.472 0.434 0.387
v -3.680 2.032 3.894 0.472 0.434 0.387
v 3.680 2.144 -3.895 0.100 0.110 0.130
v -3.680 2.144 -3.892 0.470 0.433 0.386
v -3.680 2.112 -3.895 0.471 0.433 0.386
v 3.680 2.112 -3.892 0.100 0.110 0.130
v 3.680 2.032 -3.894 0.396 0.356 0.309
v -3.680 2.032 -3.894 0.472 0.434 0.387
v -3.958 2.960 3.958 0.459 0.422 0.376
v 3.958 2.960 3.958 0.100 0.110 0.130
v 3.958 2.960 -3.958 0.459 0.422 0.376
v -3.958 2.960 -3.958 0.100 0.110 0.130
v -3.958 2.880 3.958 0.100 0.110 0.130
v 3.958 2.880 3.958 0.460 0.423 0.377
v -3.958 2.880 -3.958 0.460 0.423 0.377
v 3.958 2.880 -3.958 0.100 0.110 0.130
v 3.894 2.688 3.680 0.100 0.110 0.130
v 3.894 2.688 -3.680 0.389 0.349 0.303
v 3.895 2.608 3.680 0.100 0.110 0.130
v 3.892 2.608 -3.680 0.390 0.350 0.304
v 3.895 2.576 -3.680 0.390 0.350 0.305
v 3.892 2.576 3.680 0.100 0.110 0.130
v -3.894 2.688 3.680 0.100 0.110 0.130
v -3.894 2.688 -3.680 0.463 0.426 0.379
v -3.892 2.608 3.680 0.100 0.110 0.130
v -3.895 2.608 -3.680 0.464 0.427 0.380
v -3.892 2.576 -3.680 0.464 0.427 0.381
v -3.895 2.576 3.680 0.100 0.110 0.130
v 3.680 2.688 3.894 0.084 0.090 0.104
v -3.680 2.688 3.894 0.463 0.426 0.379
v 3.680 2.608 3.892 0.084 0.090 0.104
v -3.680 2.608 3.895 0.464 0.427 0.380
v -3.680 2.576 3.892 0.464 0.427 0.381
v 3.680 2.576 3.895 0.084 0.090 0.104
v 3.680 2.688 -3.894 0.100 0.110 0.130
v -3.680 2.688 -3.894 0.463 0.426 0.379
v 3.680 2.608 -3.895 0.100 0.110 0.130
v -3.680 2.608 -3.892 0.464 0.427 0.380
v -3.680 2.576 -3.895 0.464 0.427 0.381
v 3.680 2.576 -3.892 0.100 0.110 0.130
v 1.393 3.520 -1.511 0.325 0.282 0.229
v 1.411 3.520 -1.399 0.325 0.282 0.229
v 3.958 3.520 -3.958 0.451 0.415 0.370
v -3.958 3.520 -3.958 0.451 0.415 0.370
v 1.337 3.520 -1.430 0.325 0.282 0.229
v -3.958 3.520 3.958 0.451 0.415 0.370
v -3.958 3.440 3.958 0.084 0.090 0.104
v 3.958 3.440 3.958 0.452 0.416 0.371
v 3.958 3.520 3.958 0.379 0.341 0.296
v -3.958 3.440 -3.958 0.452 0.416 0.371
v 3.958 3.440 -3.958 0.084 0.090 0.104
v 3.895 3.264 3.680 0.100 0.110 0.130
v 3.892 3.264 -3.680 0.100 0.110 0.130
v 3.895 3.232 -3.680 0.100 0.110 0.130
v 3.892 3.232 3.680 0.100 0.110 0.130
v 3.894 3.152 3.680 0.100 0.110 0.130
v 3.894 3.152 -3.680 0.100 0.110 0.130
v -3.892 3.264 3.680 0.084 0.090 0.104
v -3.895 3.264 -3.680 0.100 0.110 0.130
v -3.892 3.232 -3.680 0.100 0.110 0.130
v -3.895 3.232 3.680 0.084 0.090 0.104
v -3.894 3.152 3.680 0.100 0.110 0.130
v -3.894 3.152 -3.680 0.100 0.110 0.130
v 3.680 3.264 3.892 0.100 0.110 0.130
v -3.680 3.264 3.895 0.100 0.110 0.130
v -3.680 3.232 3.892 0.100 0.110 0.130
v 3.680 3.232 3.895 0.100 0.110 0.130
v 3.680 3.152 3.894 0.100 0.110 0.130
v -3.680 3.152 3.894 0.100 0.110 0.130
v 3.680 3.264 -3.895 0.100 0.110 0.130
v -3.680 3.264 -3.892 0.100 0.110 0.130
v -3.680 3.232 -3.895 0.100 0.110 0.130
v 3.680 3.232 -3.892 0.100 0.110 0.130
v 3.680 3.152 -3.894 0.100 0.110 0.130
v -3.680 3.152 -3.894 0.084 0.090 0.104
v 1.370 4.080 -2.002 0.319 0.278 0.226
v 1.538 4.080 -0.985 0.268 0.228 0.180
v 3.958 4.080 -3.958 0.444 0.408 0.364
v -3.958 4.080 -3.958 0.373 0.335 0.291
v 0.870 4.080 -1.263 0.319 0.278 0.226
v -3.958 4.080 3.958 0.444 0.408 0.364
v -3.958 4.000 3.958 0.445 0.409 0.365
v 3.958 4.000 3.958 0.445 0.409 0.365
v 3.958 4.080 3.958 0.444 0.408 0.364
v -3.958 4.000 -3.958 0.374 0.336 0.292
v 1.373 4.000 -1.932 0.269 0.228 0.181
v 0.936 4.000 -1.287 0.320 0.278 0.226
v 3.958 4.000 -3.958 0.445 0.409 0.365
v 1.520 4.000 -1.044 0.320 0.278 0.226
v 3.895 3.824 3.680 0.376 0.337 0.293
v 3.892 3.824 -3.680 0.447 0.411 0.367
v 3.895 3.792 -3.680 0.448 0.412 0.367
v 3.892 3.792 3.680 0.376 0.338 0.294
v 3.894 3.712 3.680 0.377 0.338 0.294
v 3.894 3.712 -3.680 0.448 0.413 0.368
v -3.892 3.824 3.680 0.447 0.411 0.367
v -3.895 3.824 -3.680 0.376 0.337 0.293
v -3.892 3.792 -3.680 0.376 0.338 0.294
v -3.895 3.792 3.680 0.448 0.412 0.367
v -3.894 3.712 3.680 0.448 0.413 0.368
v -3.894 3.712 -3.680 0.377 0.338 0.294
v 3.680 3.824 3.892 0.447 0.411 0.367
v -3.680 3.824 3.895 0.376 0.337 0.293
v -3.680 3.792 3.892 0.376 0.338 0.294
v 3.680 3.792 3.895 0.448 0.412 0.367
v 3.680 3.712 3.894 0.448 0.413 0.368
v -3.680 3.712 3.894 0.377 0.338 0.294
v 3.680 3.824 -3.895 0.447 0.411 0.367
v -3.680 3.824 -3.892 0.447 0.411 0.367
v -3.680 3.792 -3.895 0.448 0.412 0.367
v 3.680 3.792 -3.892 0.448 0.412 0.367
v 3.680 3.712 -3.894 0.448 0.413 0.368
v -3.680 3.712 -3.894 0.448 0.413 0.368
v 1.348 4.640 -2.492 0.314 0.273 0.222
v 1.665 4.640 -0.572 0.314 0.273 0.222
v 3.958 4.640 -3.958 0.436 0.401 0.357
v -3.958 4.640 -3.958 0.436 0.401 0.357
v 0.402 4.640 -1.097 0.314 0.273 0.222
v -3.958 4.640 3.958 0.436 0.401 0.357
v -3.958 4.560 3.958 0.437 0.402 0.358
v 3.958 4.560 3.958 0.437 0.402 0.358
v 3.958 4.640 3.958 0.436 0.401 0.357
v -3.958 4.560 -3.958 0.437 0.402 0.358
v 1.351 4.560 -2.422 0.315 0.273 0.222
v 0.469 4.560 -1.121 0.315 0.273 0.222
v 3.958 4.560 -3.958 0.437 0.402 0.358
v 1.647 4.560 -0.631 0.315 0.273 0.222
v 3.894 4.368 3.680 0.439 0.404 0.360
v 3.894 4.368 -3.680 0.439 0.404 0.360
v 3.895 4.288 3.680 0.441 0.405 0.361
v 3.892 4.288 -3.680 0.370 0.333 0.289
v 3.895 4.256 -3.680 0.371 0.333 0.289
v 3.892 4.256 3.680 0.441 0.406 0.362
v -3.894 4.368 3.680 0.439 0.404 0.360
v -3.894 4.368 -3.680 0.439 0.404 0.360
v -3.892 4.288 3.680 0.441 0.405 0.361
v -3.895 4.288 -3.680 0.441 0.405 0.361
v -3.892 4.256 -3.680 0.441 0.406 0.362
v -3.895 4.256 3.680 0.441 0.406 0.362
v 3.680 4.368 3.894 0.439 0.404 0.360
v -3.680 4.368 3.894 0.439 0.404 0.360
v 3.680 4.288 3.892 0.370 0.333 0.289
v -3.680 4.288 3.895 0.441 0.405 0.361
v -3.680 4.256 3.892 0.441 0.406 0.362
v 3.680 4.256 3.895 0.371 0.333 0.289
v 3.680 4.368 -3.894 0.369 0.332 0.288
v -3.680 4.368 -3.894 0.439 0.404 0.360
v 3.680 4.288 -3.895 0.441 0.405 0.361
v -3.680 4.288 -3.892 0.441 0.405 0.361
v -3.680 4.256 -3.895 0.441 0.406 0.362
v 3.680 4.256 -3.892 0.441 0.406 0.362
v 1.325 5.200 -2.983 0.308 0.268 0.218
v 1.792 5.200 -0.159 0.308 0.268 0.218
v 3.958 5.200 -3.958 0.428 0.394 0.351
v -3.958 5.200 -3.958 0.428 0.394 0.351
v -0.066 5.200 -0.931 0.308 0.268 0.218
v -3.958 5.200 3.958 0.428 0.394 0.351
v -3.958 5.120 3.958 0.429 0.395 0.352
v 3.958 5.120 3.958 0.361 0.324 0.282
v 3.958 5.200 3.958 0.360 0.323 0.281
v -3.958 5.120 -3.958 0.429 0.395 0.352
v 1.328 5.120 -2.913 0.309 0.269 0.218
v 0.001 5.120 -0.955 0.309 0.269 0.218
v 3.958 5.120 -3.958 0.429 0.395 0.352
v 1.774 5.120 -0.218 0.309 0.269 0.218
v 3.895 4.944 3.680 0.100 0.110 0.130
v 3.892 4.944 -3.680 0.432 0.397 0.354
v 3.895 4.912 -3.680 0.432 0.398 0.354
v 3.892 4.912 3.680 0.432 0.398 0.354
v 3.894 4.832 3.680 0.433 0.398 0.355
v 3.894 4.832 -3.680 0.433 0.398 0.355
v -3.892 4.944 3.680 0.084 0.090 0.104
v -3.895 4.944 -3.680 0.432 0.397 0.354
v -3.892 4.912 -3.680 0.432 0.398 0.354
v -3.895 4.912 3.680 0.363 0.326 0.283
v -3.894 4.832 3.680 0.364 0.327 0.284
v -3.894 4.832 -3.680 0.433 0.398 0.355
v 3.680 4.944 3.892 0.100 0.110 0.130
v -3.680 4.944 3.895 0.432 0.397 0.354
v -3.680 4.912 3.892 0.432 0.398 0.354
v 3.680 4.912 3.895 0.432 0.398 0.354
v 3.680 4.832 3.894 0.433 0.398 0.355
v -3.680 4.832 3.894 0.433 0.398 0.355
v 3.680 4.944 -3.895 0.100 0.110 0.130
v -3.680 4.944 -3.892 0.432 0.397 0.354
v -3.680 4.912 -3.895 0.432 0.398 0.354
v 3.680 4.912 -3.892 0.432 0.398 0.354
v 3.680 4.832 -3.894 0.433 0.398 0.355
v -3.680 4.832 -3.894 0.433 0.398 0.355
v 3.958 5.760 3.958 0.420 0.387 0.345
v 3.958 5.760 -3.958 0.353 0.317 0.276
v -3.958 5.760 -3.958 0.420 0.387 0.345
v -0.534 5.760 -0.765 0.303 0.263 0.214
v 1.303 5.760 -3.474 0.303 0.263 0.214
v -3.958 5.760 3.958 0.084 0.090 0.104
v -3.958 5.680 3.958 0.422 0.388 0.346
v 3.958 5.680 3.958 0.422 0.388 0.346
v -3.958 5.680 -3.958 0.354 0.318 0.277
v 1.306 5.680 -3.404 0.303 0.264 0.214
v -0.467 5.680 -0.788 0.303 0.264 0.214
v 3.958 5.680 -3.958 0.422 0.388 0.346
v 1.901 5.680 0.196 0.303 0.264 0.214
v 3.895 5.504 3.680 0.100 0.110 0.130
v 3.892 5.504 -3.680 0.424 0.390 0.348
v 3.895 5.472 -3.680 0.424 0.390 0.348
v 3.892 5.472 3.680 0.100 0.110 0.130
v 3.894 5.392 3.680 0.084 0.090 0.104
v 3.894 5.392 -3.680 0.425 0.391 0.349
v -3.892 5.504 3.680 0.100 0.110 0.130
v -3.895 5.504 -3.680 0.424 0.390 0.348
v -3.892 5.472 -3.680 0.424 0.390 0.348
v -3.895 5.472 3.680 0.100 0.110 0.130
v -3.894 5.392 3.680 0.100 0.110 0.130
v -3.894 5.392 -3.680 0.357 0.321 0.279
v 3.680 5.504 3.892 0.100 0.110 0.130
v -3.680 5.504 3.895 0.424 0.390 0.348
v -3.680 5.472 3.892 0.424 0.390 0.348
v 3.680 5.472 3.895 0.100 0.110 0.130
v 3.680 5.392 3.894 0.100 0.110 0.130
v -3.680 5.392 3.894 0.357 0.321 0.279
v 3.680 5.504 -3.895 0.100 0.110 0.130
v -3.680 5.504 -3.892 0.356 0.320 0.278
v -3.680 5.472 -3.895 0.356 0.320 0.278
v 3.680 5.472 -3.892 0.100 0.110 0.130
v 3.680 5.392 -3.894 0.100 0.110 0.130
v -3.680 5.392 -3.894 0.425 0.391 0.349
v 3.958 6.320 3.958 0.413 0.380 0.338
v 3.958 6.320 -3.958 0.100 0.110 0.130
v 1.280 6.306 -3.948 0.084 0.090 0.104
v -1.002 6.320 -0.599 0.297 0.258 0.210
v -3.958 6.320 -3.958 0.413 0.380 0.338
v 2.046 6.320 0.668 0.297 0.258 0.210
v -3.958 6.320 3.958 0.413 0.380 0.338
v -3.958 6.240 3.958 0.414 0.381 0.339
v 3.958 6.240 3.958 0.414 0.381 0.339
v -3.958 6.240 -3.958 0.100 0.110 0.130
v 1.283 6.238 -3.893 0.414 0.381 0.339
v -0.935 6.240 -0.622 0.250 0.212 0.168
v 3.958 6.240 -3.958 0.414 0.381 0.339
v 2.028 6.240 0.609 0.250 0.212 0.168
v 3.894 6.048 3.680 0.100 0.110 0.130
v 3.894 6.048 -3.680 0.100 0.110 0.130
v 3.895 5.968 3.680 0.100 0.110 0.130
v 3.892 5.968 -3.680 0.100 0.110 0.130
v 3.895 5.936 -3.680 0.100 0.110 0.130
v 3.892 5.936 3.680 0.100 0.110 0.130
v -3.894 6.048 3.680 0.100 0.110 0.130
v -3.894 6.048 -3.680 0.100 0.110 0.130
v -3.892 5.968 3.680 0.100 0.110 0.130
v -3.895 5.968 -3.680 0.100 0.110 0.130
v -3.892 5.936 -3.680 0.100 0.110 0.130
v -3.895 5.936 3.680 0.100 0.110 0.130
v 3.680 6.048 3.894 0.100 0.110 0.130
v -3.680 6.048 3.894 0.100 0.110 0.130
v 3.680 5.968 3.892 0.100 0.110 0.130
v -3.680 5.968 3.895 0.100 0.110 0.130
v -3.680 5.936 3.892 0.100 0.110 0.130
v 3.680 5.936 3.895 0.100 0.110 0.130
v 3.680 6.048 -3.894 0.084 0.090 0.104
v -3.680 6.048 -3.894 0.100 0.110 0.130
v 3.680 5.968 -3.895 0.084 0.090 0.104
v -3.680 5.968 -3.892 0.100 0.110 0.130
v -3.680 5.936 -3.895 0.100 0.110 0.130
v 3.680 5.936 -3.892 0.084 0.090 0.104
v 3.958 6.880 3.958 0.405 0.373 0.332
v 3.958 6.880 -3.958 0.405 0.373 0.332
v 1.415 6.852 -3.947 0.340 0.305 0.266
v -1.470 6.880 -0.432 0.245 0.208 0.165
v 0.937 6.853 -3.957 0.405 0.373 0.332
v -3.958 6.880 -3.958 0.405 0.373 0.332
v 2.173 6.880 1.082 0.245 0.208 0.165
v -3.958 6.880 3.958 0.405 0.373 0.332
v -3.958 6.800 3.958 0.406 0.374 0.333
v 3.958 6.800 3.958 0.341 0.306 0.266
v -3.958 6.800 -3.958 0.406 0.374 0.333
v 0.964 6.806 -3.952 0.406 0.374 0.333
v -1.403 6.800 -0.456 0.246 0.208 0.165
v 2.155 6.800 1.023 0.292 0.254 0.206
v 1.402 6.806 -3.952 0.406 0.374 0.333
v 3.958 6.800 -3.958 0.406 0.374 0.333
v 3.895 6.624 3.680 0.408 0.376 0.335
v 3.892 6.624 -3.680 0.343 0.308 0.268
v 3.895 6.592 -3.680 0.343 0.308 0.268
v 3.892 6.592 3.680 0.409 0.376 0.335
v 3.894 6.512 3.680 0.410 0.377 0.336
v 3.894 6.512 -3.680 0.410 0.377 0.336
v -3.892 6.624 3.680 0.408 0.376 0.335
v -3.895 6.624 -3.680 0.408 0.376 0.335
v -3.892 6.592 -3.680 0.409 0.376 0.335
v -3.895 6.592 3.680 0.409 0.376 0.335
v -3.894 6.512 3.680 0.344 0.309 0.269
v -3.894 6.512 -3.680 0.410 0.377 0.336
v 3.680 6.624 3.892 0.343 0.308 0.268
v -3.680 6.624 3.895 0.408 0.376 0.335
v -3.680 6.592 3.892 0.409 0.376 0.335
v 3.680 6.592 3.895 0.343 0.308 0.268
v 3.680 6.512 3.894 0.410 0.377 0.336
v -3.680 6.512 3.894 0.410 0.377 0.336
v 1.021 6.638 -3.880 0.343 0.308 0.268
v -3.680 6.624 -3.892 0.408 0.376 0.335
v -3.680 6.592 -3.895 0.409 0.376 0.335
v 1.056 6.601 -3.896 0.409 0.376 0.335
v 1.047 6.622 -3.903 0.343 0.308 0.268
v 3.680 6.592 -3.892 0.409 0.376 0.335
v 3.680 6.624 -3.895 0.408 0.376 0.335
v 1.098 6.517 -3.881 0.344 0.309 0.269
v -3.680 6.512 -3.894 0.410 0.377 0.336
v 3.680 6.512 -3.894 0.410 0.377 0.336
v 3.958 7.440 -3.958 0.334 0.300 0.261
v 1.554 7.434 -3.951 0.334 0.300 0.261
v 2.092 7.440 -2.289 0.286 0.248 0.202
v -1.941 7.464 -0.283 0.397 0.365 0.326
v 0.565 7.435 -3.953 0.397 0.365 0.326
v -3.958 7.440 -3.958 0.397 0.365 0.326
v 3.958 7.440 3.958 0.397 0.365 0.326
v -3.958 7.440 3.958 0.334 0.300 0.261
v 2.300 7.440 1.495 0.286 0.248 0.202
v -3.958 7.360 3.958 0.335 0.300 0.261
v 3.958 7.360 3.958 0.398 0.366 0.327
v -3.958 7.360 -3.958 0.398 0.366 0.327
v 0.592 7.384 -3.945 0.520 0.280 0.160
v -1.871 7.360 -0.290 0.241 0.204 0.162
v 2.282 7.360 1.436 0.241 0.204 0.162
v 1.545 7.386 -3.945 0.335 0.300 0.261
v 3.958 7.360 -3.958 0.335 0.300 0.261
v 3.895 7.184 3.680 0.401 0.369 0.329
v 3.892 7.184 -3.680 0.401 0.369 0.329
v 3.895 7.152 -3.680 0.401 0.369 0.329
v 3.892 7.152 3.680 0.401 0.369 0.329
v 3.894 7.072 3.680 0.402 0.370 0.330
v 3.894 7.072 -3.680 0.402 0.370 0.330
v -3.892 7.184 3.680 0.401 0.369 0.329
v -3.895 7.184 -3.680 0.401 0.369 0.329
v -3.892 7.152 -3.680 0.401 0.369 0.329
v -3.895 7.152 3.680 0.401 0.369 0.329
v -3.894 7.072 3.680 0.402 0.370 0.330
v -3.894 7.072 -3.680 0.402 0.370 0.330
v 3.680 7.184 3.892 0.401 0.369 0.329
v -3.680 7.184 3.895 0.401 0.369 0.329
v -3.680 7.152 3.892 0.401 0.369 0.329
v 3.680 7.152 3.895 0.401 0.369 0.329
v 3.680 7.072 3.894 0.402 0.370 0.330
v -3.680 7.072 3.894 0.402 0.370 0.330
v 0.691 7.174 -3.894 0.520 0.280 0.160
v -3.680 7.184 -3.892 0.337 0.302 0.263
v -3.680 7.152 -3.895 0.337 0.303 0.263
v 0.698 7.154 -3.887 0.401 0.369 0.329
v 0.712 7.154 -3.907 0.100 0.110 0.130
v 3.680 7.152 -3.892 0.401 0.369 0.329
v 3.680 7.184 -3.895 0.401 0.369 0.329
v 0.754 7.073 -3.893 0.084 0.090 0.104
v -3.680 7.072 -3.894 0.338 0.303 0.264
v 0.776 7.056 -3.910 0.100 0.110 0.130
v 3.680 7.072 -3.894 0.403 0.370 0.330
v 3.958 8.000 3.958 0.389 0.358 0.319
v 3.958 8.000 -3.958 0.389 0.358 0.319
v 1.689 7.983 -3.947 0.389 0.358 0.319
v -2.405 8.000 -0.100 0.280 0.244 0.198
v 0.213 7.985 -3.948 0.100 0.110 0.130
v -3.958 8.000 -3.958 0.327 0.294 0.255
v 2.427 8.000 1.909 0.236 0.200 0.158
v -3.958 8.000 3.958 0.389 0.358 0.319
v -3.958 7.920 3.958 0.391 0.359 0.320
v 3.958 7.920 3.958 0.391 0.359 0.320
v -3.958 7.920 -3.958 0.391 0.359 0.320
v 0.252 7.927 -3.951 0.100 0.110 0.130
v -2.339 7.920 -0.124 0.281 0.244 0.199
v 2.176 7.920 -2.390 0.281 0.244 0.199
v 1.677 7.935 -3.948 0.391 0.359 0.320
v 3.958 7.920 -3.958 0.391 0.359 0.320
v 2.409 7.920 1.850 0.281 0.244 0.199
v 3.894 7.728 3.680 0.084 0.090 0.104
v 3.894 7.728 -3.680 0.393 0.362 0.322
v 3.895 7.648 3.680 0.394 0.363 0.323
v 3.892 7.648 -3.680 0.394 0.363 0.323
v 3.895 7.616 -3.680 0.395 0.363 0.324
v 3.892 7.616 3.680 0.395 0.363 0.324
v -3.894 7.728 3.680 0.100 0.110 0.130
v -3.894 7.728 -3.680 0.330 0.296 0.258
v -3.892 7.648 3.680 0.394 0.363 0.323
v -3.895 7.648 -3.680 0.394 0.363 0.323
v -3.892 7.616 -3.680 0.395 0.363 0.324
v -3.895 7.616 3.680 0.395 0.363 0.324
v 3.680 7.728 3.894 0.100 0.110 0.130
v -3.680 7.728 3.894 0.330 0.296 0.258
v 3.680 7.648 3.892 0.394 0.363 0.323
v -3.680 7.648 3.895 0.394 0.363 0.323
v -3.680 7.616 3.892 0.395 0.363 0.324
v 3.680 7.616 3.895 0.395 0.363 0.324
v 0.339 7.728 -3.893 0.100 0.110 0.130
v -3.680 7.728 -3.894 0.393 0.362 0.322
v 3.680 7.728 -3.894 0.393 0.362 0.323
v 0.395 7.640 -3.893 0.520 0.280 0.160
v -3.680 7.648 -3.892 0.394 0.363 0.323
v -3.680 7.616 -3.895 0.395 0.363 0.324
v 0.407 7.620 -3.894 0.395 0.363 0.324
v 3.680 7.616 -3.892 0.332 0.298 0.259
v 3.680 7.648 -3.895 0.394 0.363 0.323
v 3.958 8.560 3.958 0.382 0.351 0.313
v 3.958 8.560 -3.958 0.100 0.110 0.130
v 1.823 8.536 -3.945 0.321 0.288 0.250
v -2.873 8.560 0.066 0.275 0.239 0.194
v -0.139 8.537 -3.946 0.382 0.351 0.313
v -3.958 8.560 -3.958 0.382 0.351 0.313
v 2.554 8.560 2.322 0.275 0.239 0.194
v -3.958 8.560 3.958 0.382 0.351 0.313
v -3.958 8.480 3.958 0.383 0.352 0.314
v 3.958 8.480 3.958 0.383 0.352 0.314
v -3.958 8.480 -3.958 0.383 0.352 0.314
v -0.094 8.480 -3.958 0.383 0.352 0.314
v -2.806 8.480 0.043 0.276 0.239 0.195
v 2.536 8.480 2.263 0.276 0.239 0.195
v 1.809 8.485 -3.952 0.322 0.289 0.251
v 3.958 8.480 -3.958 0.383 0.352 0.314
v 3.895 8.304 3.680 0.100 0.110 0.130
v 3.892 8.304 -3.680 0.324 0.291 0.253
v 3.895 8.272 -3.680 0.324 0.291 0.253
v 3.892 8.272 3.680 0.100 0.110 0.130
v 3.894 8.192 3.680 0.100 0.110 0.130
v 3.894 8.192 -3.680 0.325 0.292 0.254
v -3.892 8.304 3.680 0.100 0.110 0.130
v -3.895 8.304 -3.680 0.385 0.354 0.316
v -3.892 8.272 -3.680 0.386 0.355 0.316
v -3.895 8.272 3.680 0.100 0.110 0.130
v -3.894 8.192 3.680 0.100 0.110 0.130
v -3.894 8.192 -3.680 0.387 0.356 0.317
v 3.680 8.304 3.892 0.084 0.090 0.104
v -3.680 8.304 3.895 0.385 0.354 0.316
v -3.680 8.272 3.892 0.386 0.355 0.316
v 3.680 8.272 3.895 0.084 0.090 0.104
v 3.680 8.192 3.894 0.084 0.090 0.104
v -3.680 8.192 3.894 0.387 0.356 0.317
v -0.037 8.304 -3.878 0.385 0.354 0.316
v -3.680 8.304 -3.892 0.385 0.354 0.316
v -3.680 8.272 -3.895 0.386 0.355 0.316
v -0.012 8.282 -3.894 0.386 0.355 0.316
v -0.023 8.301 -3.896 0.385 0.354 0.316
v 3.680 8.272 -3.892 0.100 0.110 0.130
v 3.680 8.304 -3.895 0.100 0.110 0.130
v 0.025 8.203 -3.875 0.387 0.356 0.317
v -3.680 8.192 -3.894 0.387 0.356 0.317
v 0.047 8.190 -3.896 0.100 0.110 0.130
v 3.680 8.192 -3.894 0.100 0.110 0.130
v 3.958 9.120 3.958 0.314 0.282 0.245
v 3.958 9.120 -3.958 0.100 0.110 0.130
v 1.959 9.119 -3.963 0.374 0.344 0.307
v 2.681 9.120 2.736 0.269 0.234 0.190
v -2.632 9.120 0.646 0.269 0.234 0.190
v -3.954 9.117 0.550 0.374 0.344 0.307
v -3.958 9.120 3.958 0.100 0.110 0.130
v -3.958 9.040 3.958 0.084 0.090 0.104
v 3.958 9.040 3.958 0.375 0.345 0.308
v -3.942 9.079 0.469 0.520 0.280 0.160
v -3.958 9.040 0.368 0.270 0.235 0.191
v -2.975 9.040 -0.391 0.227 0.192 0.153
v -3.952 9.045 -0.693 0.375 0.345 0.308
v -3.958 9.040 -3.958 0.375 0.345 0.308
v -0.495 9.040 -3.958 0.375 0.345 0.308
v 3.958 9.040 -3.958 0.315 0.283 0.246
v -0.573 9.120 -3.958 0.374 0.344 0.307
v -3.958 9.120 -3.958 0.100 0.110 0.130
v 3.895 8.864 3.680 0.100 0.110 0.130
v 3.892 8.864 -3.680 0.100 0.110 0.130
v 3.895 8.832 -3.680 0.100 0.110 0.130
v 3.892 8.832 3.680 0.100 0.110 0.130
v 3.894 8.752 3.680 0.100 0.110 0.130
v 3.894 8.752 -3.680 0.100 0.110 0.130
v -3.895 8.857 -0.390 0.378 0.347 0.310
v -3.895 8.864 -3.680 0.100 0.110 0.130
v -3.892 8.832 -3.680 0.100 0.110 0.130
v -3.894 8.834 -0.356 0.378 0.348 0.310
v -3.895 8.832 3.680 0.084 0.090 0.104
v -3.892 8.864 3.680 0.084 0.090 0.104
v -3.892 8.765 -0.248 0.318 0.286 0.249
v -3.894 8.751 -3.680 0.100 0.110 0.130
v -3.894 8.753 3.680 0.100 0.110 0.130
v -3.878 8.768 -0.229 0.229 0.194 0.154
v 3.680 8.864 3.892 0.100 0.110 0.130
v -3.680 8.864 3.895 0.100 0.110 0.130
v -3.680 8.832 3.892 0.100 0.110 0.130
v 3.680 8.832 3.895 0.100 0.110 0.130
v 3.680 8.752 3.894 0.100 0.110 0.130
v -3.680 8.752 3.894 0.100 0.110 0.130
v -0.379 8.857 -3.890 0.378 0.347 0.310
v -3.680 8.864 -3.892 0.100 0.110 0.130
v -3.680 8.832 -3.895 0.100 0.110 0.130
v -0.372 8.834 -3.879 0.378 0.348 0.310
v -0.357 8.834 -3.902 0.378 0.348 0.310
v 3.680 8.832 -3.892 0.100 0.110 0.130
v 3.680 8.864 -3.895 0.100 0.110 0.130
v -0.315 8.756 -3.890 0.379 0.349 0.311
v -3.680 8.752 -3.894 0.084 0.090 0.104
v -0.297 8.742 -3.904 0.379 0.349 0.311
v 3.680 8.752 -3.894 0.100 0.110 0.130
v 3.958 9.680 3.958 0.366 0.337 0.300
v 3.958 9.680 -3.958 0.366 0.337 0.300
v 2.096 9.664 -3.948 0.100 0.110 0.130
v 2.741 9.680 1.934 0.222 0.188 0.149
v 3.445 9.680 3.941 0.264 0.229 0.186
v 2.579 9.680 3.193 0.264 0.229 0.186
v -2.142 9.680 1.372 0.264 0.229 0.186
v -3.958 9.680 1.248 0.366 0.337 0.300
v -3.958 9.680 3.958 0.366 0.337 0.300
v -3.958 9.600 3.958 0.367 0.338 0.301
v 3.958 9.600 3.958 0.367 0.338 0.301
v -3.952 9.606 1.156 0.367 0.338 0.301
v -2.942 9.600 -1.228 0.264 0.230 0.187
v -3.952 9.605 -1.540 0.309 0.277 0.241
v -3.958 9.600 -3.958 0.309 0.277 0.241
v -1.068 9.617 -3.947 0.367 0.338 0.301
v 3.958 9.600 -3.958 0.367 0.338 0.301
v -1.121 9.675 -3.953 0.308 0.276 0.240
v -3.958 9.680 -3.958 0.308 0.276 0.240
v 3.894 9.408 3.680 0.311 0.279 0.243
v 3.894 9.408 -3.680 0.370 0.340 0.303
v 3.895 9.328 3.680 0.312 0.280 0.243
v 3.892 9.328 -3.680 0.371 0.341 0.304
v 3.895 9.296 -3.680 0.372 0.342 0.305
v 3.892 9.296 3.680 0.312 0.280 0.244
v -3.896 9.422 -1.246 0.311 0.279 0.243
v -3.894 9.408 -3.680 0.311 0.279 0.243
v -3.893 9.403 -1.217 0.370 0.341 0.304
v -3.894 9.408 3.680 0.370 0.341 0.304
v -3.894 9.320 -1.091 0.371 0.341 0.304
v -3.895 9.328 -3.680 0.312 0.280 0.243
v -3.892 9.296 -3.680 0.312 0.280 0.244
v -3.894 9.300 -1.060 0.372 0.342 0.305
v -3.895 9.296 3.680 0.372 0.342 0.305
v -3.892 9.328 3.680 0.371 0.341 0.304
v 3.680 9.408 3.894 0.370 0.340 0.303
v -3.680 9.408 3.894 0.311 0.279 0.243
v 3.680 9.328 3.892 0.371 0.341 0.304
v -3.680 9.328 3.895 0.312 0.280 0.243
v -3.680 9.296 3.892 0.312 0.280 0.244
v 3.680 9.296 3.895 0.372 0.342 0.305
v -0.924 9.423 -3.880 0.370 0.340 0.303
v -3.680 9.408 -3.894 0.370 0.340 0.303
v -0.893 9.403 -3.897 0.370 0.341 0.304
v 3.680 9.408 -3.894 0.370 0.341 0.304
v -0.815 9.319 -3.890 0.371 0.341 0.304
v -3.680 9.328 -3.892 0.371 0.341 0.304
v -3.680 9.296 -3.895 0.372 0.342 0.305
v -0.794 9.300 -3.894 0.372 0.342 0.305
v 3.680 9.296 -3.892 0.372 0.342 0.305
v 3.680 9.328 -3.895 0.312 0.280 0.243
v 3.741 10.235 3.953 0.359 0.330 0.294
v 3.958 10.240 3.958 0.359 0.330 0.294
v 3.958 10.240 -3.958 0.359 0.330 0.294
v 2.230 10.216 -3.945 0.359 0.330 0.294
v 2.781 10.240 0.763 0.258 0.224 0.182
v 3.706 10.158 3.965 0.360 0.331 0.295
v 3.958 10.160 3.958 0.360 0.331 0.295
v -3.954 10.236 1.935 0.301 0.270 0.235
v -3.958 10.160 1.841 0.259 0.225 0.183
v -3.958 10.160 3.958 0.360 0.331 0.295
v -3.958 10.240 3.958 0.359 0.330 0.294
v -2.909 10.160 -2.066 0.259 0.225 0.183
v -3.958 10.160 -2.381 0.100 0.110 0.130
v -3.958 10.160 -3.958 0.360 0.331 0.295
v -1.604 10.167 -3.951 0.100 0.110 0.130
v 3.958 10.160 -3.958 0.360 0.331 0.295
v -1.662 10.223 -3.947 0.100 0.110 0.130
v -3.958 10.240 -3.958 0.359 0.330 0.294
v 3.895 9.984 3.680 0.362 0.333 0.297
v 3.892 9.984 -3.680 0.362 0.333 0.297
v 3.895 9.952 -3.680 0.362 0.333 0.297
v 3.892 9.952 3.680 0.362 0.333 0.297
v 3.894 9.872 3.680 0.363 0.334 0.298
v 3.894 9.872 -3.680 0.305 0.274 0.238
v -3.894 9.982 -2.092 0.362 0.333 0.297
v -3.895 9.984 -3.680 0.362 0.333 0.297
v -3.892 9.952 -3.680 0.362 0.333 0.297
v -3.895 9.963 -2.064 0.520 0.280 0.160
v -3.878 9.952 -2.042 0.520 0.280 0.160
v -3.895 9.952 3.680 0.362 0.333 0.297
v -3.892 9.984 3.680 0.362 0.333 0.297
v -3.892 9.882 -1.940 0.437 0.230 0.128
v -3.894 9.872 -3.680 0.363 0.334 0.298
v -3.893 9.859 -1.907 0.364 0.335 0.298
v -3.894 9.872 3.680 0.364 0.335 0.298
v 3.009 9.981 3.897 0.362 0.333 0.297
v -3.680 9.984 3.895 0.362 0.333 0.297
v -3.680 9.952 3.892 0.362 0.333 0.297
v 3.061 9.952 3.910 0.261 0.227 0.184
v 2.983 9.984 3.878 0.261 0.226 0.184
v 3.025 9.961 3.888 0.520 0.280 0.160
v 3.680 9.952 3.895 0.362 0.333 0.297
v 3.680 9.984 3.892 0.304 0.273 0.238
v 3.150 9.870 3.895 0.100 0.110 0.130
v -3.680 9.872 3.894 0.363 0.334 0.298
v 3.115 9.886 3.884 0.363 0.334 0.298
v 3.680 9.872 3.894 0.306 0.274 0.239
v -3.680 9.984 -3.892 0.362 0.333 0.297
v -3.680 9.952 -3.895 0.362 0.333 0.297
v 3.680 9.952 -3.892 0.304 0.273 0.238
v 3.680 9.984 -3.895 0.362 0.333 0.297
v -1.382 9.888 -3.878 0.305 0.274 0.238
v -3.680 9.872 -3.894 0.363 0.334 0.298
v -1.353 9.871 -3.895 0.364 0.335 0.298
v 3.680 9.872 -3.894 0.364 0.335 0.298
v 2.821 10.800 -0.408 0.253 0.219 0.178
v 3.952 10.794 3.774 0.351 0.323 0.288
v 3.958 10.800 -3.958 0.351 0.323 0.288
v 2.368 10.793 -3.951 0.351 0.323 0.288
v -3.954 10.796 2.627 0.351 0.323 0.288
v -3.948 10.735 2.551 0.352 0.324 0.289
v -3.958 10.720 3.958 0.100 0.110 0.130
v -3.958 10.800 3.958 0.100 0.110 0.130
v -2.875 10.720 -2.904 0.253 0.220 0.179
v -3.952 10.725 -3.235 0.352 0.324 0.289
v -3.958 10.720 -3.958 0.352 0.324 0.289
v -2.153 10.727 -3.951 0.084 0.090 0.104
v 3.942 10.753 3.914 0.352 0.324 0.289
v 3.958 10.720 -3.958 0.352 0.324 0.289
v -2.220 10.795 -3.953 0.100 0.110 0.130
v -3.958 10.800 -3.958 0.100 0.110 0.130
v 3.895 10.544 3.680 0.354 0.326 0.291
v 3.892 10.544 -3.680 0.354 0.326 0.291
v 3.895 10.512 -3.680 0.355 0.326 0.291
v 3.892 10.512 3.680 0.355 0.326 0.291
v 3.894 10.432 3.680 0.356 0.327 0.292
v 3.894 10.432 -3.680 0.356 0.327 0.292
v -3.887 10.541 -2.936 0.298 0.267 0.232
v -3.895 10.544 -3.680 0.354 0.326 0.291
v -3.892 10.512 -3.680 0.355 0.326 0.291
v -3.894 10.514 -2.898 0.355 0.326 0.291
v -3.895 10.512 3.680 0.298 0.268 0.233
v -3.892 10.544 3.680 0.298 0.267 0.232
v -3.896 10.446 -2.796 0.356 0.327 0.292
v -3.894 10.432 -3.680 0.356 0.327 0.292
v -3.893 10.427 -2.766 0.100 0.110 0.130
v -3.894 10.432 3.680 0.299 0.269 0.234
v 2.286 10.534 3.897 0.100 0.110 0.130
v -3.680 10.544 3.895 0.354 0.326 0.291
v -3.680 10.512 3.892 0.355 0.326 0.291
v 2.232 10.540 3.882 0.354 0.326 0.291
v 2.296 10.514 3.883 0.084 0.090 0.104
v 2.422 10.434 3.890 0.100 0.110 0.130
v -3.680 10.432 3.894 0.356 0.327 0.292
v 2.461 10.419 3.907 0.356 0.328 0.292
v -2.004 10.534 -3.894 0.520 0.280 0.160
v -3.680 10.544 -3.892 0.354 0.326 0.291
v -3.680 10.512 -3.895 0.355 0.326 0.291
v -1.989 10.514 -3.888 0.355 0.326 0.291
v -1.975 10.514 -3.907 0.520 0.280 0.160
v 3.680 10.512 -3.892 0.355 0.326 0.291
v 3.680 10.544 -3.895 0.354 0.326 0.291
v -1.921 10.443 -3.885 0.520 0.280 0.160
v -3.680 10.432 -3.894 0.356 0.327 0.292
v -1.897 10.424 -3.894 0.520 0.280 0.160
v 3.680 10.432 -3.894 0.356 0.328 0.292
v 2.860 11.360 -1.578 0.247 0.215 0.174
v 3.948 11.345 3.137 0.100 0.110 0.130
v 3.958 11.360 -3.958 0.288 0.259 0.225
v 2.503 11.341 -3.946 0.343 0.316 0.281
v -3.949 11.347 3.308 0.100 0.110 0.130
v -3.953 11.285 3.231 0.437 0.230 0.128
v -3.958 11.280 3.958 0.100 0.110 0.130
v -3.958 11.360 3.958 0.084 0.090 0.104
v 3.951 11.286 3.212 0.344 0.317 0.282
v 3.958 11.280 -3.958 0.100 0.110 0.130
v 3.878 11.104 3.259 0.100 0.110 0.130
v 3.894 11.089 -3.680 0.347 0.319 0.284
v 3.888 11.096 3.292 0.100 0.110 0.130
v 3.905 11.085 3.341 0.100 0.110 0.130
v 3.880 11.003 3.379 0.100 0.110 0.130
v 3.892 11.008 -3.680 0.348 0.320 0.285
v 3.895 10.976 -3.680 0.348 0.320 0.286
v 3.892 10.981 3.429 0.348 0.320 0.286
v 3.899 11.000 3.423 0.292 0.262 0.228
v 3.910 10.976 3.475 0.100 0.110 0.130
v -3.894 11.088 3.680 0.100 0.110 0.130
v -3.894 11.000 -3.633 0.292 0.262 0.228
v -3.895 11.008 -3.680 0.292 0.262 0.228
v -3.892 10.976 -3.680 0.293 0.263 0.229
v -3.896 10.981 -3.605 0.348 0.320 0.286
v -3.878 10.976 -3.592 0.348 0.320 0.286
v -3.895 10.976 3.680 0.100 0.110 0.130
v -3.892 11.008 3.680 0.100 0.110 0.130
v 0.884 11.091 3.890 0.100 0.110 0.130
v -3.680 11.088 3.894 0.347 0.319 0.284
v 0.981 11.072 3.910 0.100 0.110 0.130
v 0.819 11.104 3.878 0.250 0.217 0.176
v 1.132 11.000 3.899 0.084 0.090 0.104
v -3.680 11.008 3.895 0.292 0.262 0.228
v -3.680 10.976 3.892 0.293 0.263 0.229
v 1.197 10.979 3.903 0.348 0.320 0.286
v 1.090 11.002 3.884 0.100 0.110 0.130
v 1.148 10.982 3.887 0.348 0.320 0.286
v -2.548 11.088 -3.894 0.347 0.319 0.284
v -3.680 11.088 -3.894 0.291 0.261 0.227
v 3.680 11.088 -3.894 0.100 0.110 0.130
v -2.466 11.002 -3.891 0.100 0.110 0.130
v -3.680 11.008 -3.892 0.348 0.320 0.285
v -3.680 10.976 -3.895 0.348 0.320 0.286
v 3.680 10.976 -3.892 0.100 0.110 0.130
v 3.680 11.008 -3.895 0.084 0.090 0.104
v 2.900 11.920 -2.749 0.241 0.210 0.170
v 3.957 11.905 1.949 0.335 0.308 0.275
v 3.958 11.920 -3.958 0.335 0.308 0.275
v 2.886 11.903 -3.960 0.282 0.253 0.220
v 2.776 11.920 -3.533 0.241 0.210 0.170
v -3.946 11.851 3.944 0.336 0.309 0.276
v -3.959 11.887 3.961 0.100 0.110 0.130
v -3.952 11.846 3.924 0.100 0.110 0.130
v 3.958 11.840 2.109 0.242 0.210 0.171
v 3.958 11.840 -3.958 0.100 0.110 0.130
v 3.878 11.664 2.179 0.285 0.256 0.222
v 3.892 11.664 -3.680 0.100 0.110 0.130
v 3.895 11.632 -3.680 0.100 0.110 0.130
v 3.888 11.641 2.280 0.339 0.312 0.278
v 3.882 11.573 2.417 0.286 0.257 0.223
v 3.894 11.552 -3.680 0.100 0.110 0.130
v 3.885 11.551 2.483 0.341 0.313 0.279
v 3.902 11.553 2.556 0.340 0.313 0.279
v 3.907 11.538 2.612 0.341 0.313 0.279
v -3.894 11.552 3.680 0.100 0.110 0.130
v -0.867 11.662 3.907 0.339 0.312 0.278
v -3.680 11.664 3.895 0.100 0.110 0.130
v -3.680 11.632 3.892 0.100 0.110 0.130
v -0.426 11.635 3.906 0.339 0.312 0.278
v -1.343 11.664 3.878 0.244 0.212 0.172
v -0.764 11.632 3.878 0.339 0.312 0.278
v -0.269 11.555 3.890 0.340 0.313 0.279
v -3.680 11.552 3.894 0.100 0.110 0.130
v -0.208 11.543 3.902 0.341 0.313 0.279
v -0.321 11.566 3.880 0.245 0.213 0.173
v 3.680 11.632 -3.892 0.084 0.090 0.104
v 3.680 11.664 -3.895 0.100 0.110 0.130
v 3.680 11.552 -3.894 0.084 0.090 0.104
v 3.953 12.475 0.562 0.328 0.301 0.269
v 3.970 12.487 -3.972 0.328 0.301 0.269
v 3.804 12.480 -3.520 0.236 0.205 0.167
v 3.206 12.480 -2.746 0.198 0.168 0.133
v 3.958 12.400 0.763 0.199 0.169 0.134
v 3.958 12.400 -3.958 0.329 0.302 0.270
v 3.878 12.224 0.833 0.331 0.305 0.271
v 3.892 12.224 -3.680 0.278 0.250 0.217
v 3.895 12.192 -3.680 0.278 0.250 0.217
v 3.877 12.187 0.919 0.332 0.305 0.272
v 3.905 12.210 0.990 0.331 0.305 0.271
v 3.910 12.192 1.051 0.332 0.305 0.272
v 3.880 12.123 1.087 0.332 0.306 0.273
v 3.894 12.112 -3.680 0.332 0.306 0.273
v 3.885 12.110 1.141 0.333 0.306 0.273
v 3.902 12.114 1.208 0.279 0.251 0.218
v 3.907 12.098 1.265 0.333 0.306 0.273
v 3.680 12.192 -3.892 0.332 0.305 0.272
v 3.680 12.224 -3.895 0.331 0.305 0.271
v 3.680 12.112 -3.894 0.333 0.306 0.273
v -3.892 11.171 -3.892 0.100 0.110 0.130
v -3.892 0.160 -3.892 0.100 0.110 0.130
v -3.892 0.160 3.892 0.100 0.110 0.130
v -3.915 11.848 3.915 0.100 0.110 0.130
v 3.892 0.160 -3.892 0.100 0.110 0.130
v -2.850 11.365 -3.872 0.343 0.315 0.281
v 2.574 11.551 -3.892 0.340 0.313 0.279
v 3.892 12.468 -3.892 0.328 0.302 0.269
v 3.892 10.576 3.892 0.354 0.326 0.290
v 3.892 0.160 3.892 0.100 0.110 0.130
v 3.892 12.510 -3.544 0.327 0.301 0.268
v 3.412 9.661 3.892 0.367 0.337 0.301
v 3.571 9.963 3.893 0.362 0.333 0.297
v 3.581 9.981 3.893 0.362 0.333 0.297
v 2.189 9.964 -3.885 0.362 0.333 0.297
v 2.181 9.959 -3.904 0.304 0.273 0.238
v 1.779 8.302 -3.908 0.385 0.354 0.316
v 1.786 8.302 -3.886 0.324 0.291 0.253
v -3.889 9.394 0.899 0.311 0.279 0.243
v -3.892 9.413 0.922 0.370 0.340 0.303
v 1.618 7.620 -3.893 0.395 0.363 0.324
v 1.622 7.640 -3.895 0.394 0.363 0.323
v 1.507 7.172 -3.901 0.401 0.369 0.329
v 1.514 7.175 -3.884 0.401 0.369 0.329
v -3.894 10.544 2.320 0.354 0.326 0.291
v -3.894 10.514 2.283 0.355 0.326 0.291
v 3.890 12.661 -3.090 0.325 0.299 0.267
v 3.892 12.682 -3.027 0.273 0.245 0.213
v 3.910 12.656 -3.129 0.100 0.110 0.130
v 3.038 12.109 -3.891 0.437 0.230 0.128
v 1.892 8.752 -3.893 0.379 0.349 0.311
v 2.164 9.872 -3.894 0.100 0.110 0.130
v -3.894 9.300 0.782 0.372 0.342 0.305
v -3.893 9.321 0.808 0.371 0.341 0.304
v 2.216 10.165 -3.953 0.302 0.271 0.236
v 2.081 9.619 -3.960 0.084 0.090 0.104
v 2.190 9.982 -3.894 0.304 0.273 0.238
v -3.356 11.840 3.958 0.336 0.309 0.276
v 3.894 12.768 -0.404 0.324 0.298 0.266
v 3.878 12.784 -0.513 0.233 0.202 0.164
v 3.878 12.784 -2.704 0.100 0.110 0.130
v 3.890 12.753 -2.813 0.100 0.110 0.130
v 1.757 8.192 -3.894 0.387 0.356 0.317
v 1.910 8.834 -3.899 0.378 0.348 0.310
v 1.913 8.852 -3.905 0.378 0.347 0.310
v -3.893 11.552 3.565 0.084 0.090 0.104
v -3.893 11.002 2.885 0.348 0.320 0.285
v 1.781 10.800 3.958 0.253 0.219 0.178
v -1.162 10.800 2.822 0.253 0.219 0.178
v -3.952 10.795 -3.340 0.351 0.323 0.288
v -2.871 10.800 -3.023 0.253 0.219 0.178
v 1.350 6.512 -3.894 0.410 0.377 0.336
v 2.025 9.299 -3.893 0.084 0.090 0.104
v 1.380 6.622 -3.880 0.343 0.308 0.268
v 1.371 6.602 -3.895 0.343 0.308 0.268
v 3.880 12.682 -0.257 0.100 0.110 0.130
v 3.905 12.680 -0.142 0.325 0.299 0.266
v 2.430 10.973 -3.894 0.293 0.263 0.229
v 3.164 12.194 -3.893 0.332 0.305 0.272
v 2.591 11.568 -3.910 0.206 0.174 0.138
v -3.952 10.234 -2.492 0.100 0.110 0.130
v 1.641 7.723 -3.899 0.393 0.362 0.323
v -3.894 8.834 -0.082 0.378 0.348 0.310
v 1.777 8.281 -3.898 0.386 0.355 0.316
v 3.893 12.775 -2.751 0.084 0.090 0.104
v 2.835 11.845 -3.953 0.336 0.309 0.276
v 2.325 10.534 -3.892 0.100 0.110 0.130
v 2.321 10.515 -3.887 0.355 0.326 0.291
v 0.403 11.345 3.948 0.520 0.280 0.160
v -0.672 11.360 3.548 0.247 0.215 0.174
v -3.171 11.353 -3.951 0.343 0.316 0.281
v -2.749 11.345 -3.966 0.343 0.316 0.281
v 2.299 10.432 -3.893 0.356 0.327 0.292
v 1.783 8.285 -3.881 0.324 0.291 0.253
v -3.958 9.680 -1.655 0.264 0.229 0.186
v -3.893 8.861 -0.019 0.317 0.285 0.248
v -3.895 11.637 3.672 0.100 0.110 0.130
v -3.894 11.098 3.004 0.347 0.319 0.284
v -3.952 9.115 -0.798 0.374 0.344 0.307
v -2.970 9.120 -0.511 0.269 0.234 0.190
v -3.892 10.443 2.195 0.356 0.327 0.292
v -3.895 10.423 2.170 0.356 0.328 0.292
v 3.958 13.040 -2.039 0.320 0.294 0.262
v 3.736 13.040 -1.753 0.230 0.200 0.163
v 3.947 13.023 -0.781 0.269 0.241 0.210
v -2.212 9.600 1.268 0.222 0.188 0.149
v 2.603 9.600 3.125 0.222 0.188 0.149
v 3.308 9.600 3.734 0.264 0.230 0.187
v 2.735 9.600 2.101 0.264 0.230 0.187
v 2.469 9.600 -2.743 0.264 0.230 0.187
v 3.958 12.960 -0.583 0.321 0.295 0.263
v 3.958 12.960 -2.279 0.520 0.280 0.160
v 1.917 8.834 -3.880 0.317 0.285 0.248
v -3.894 11.078 2.979 0.291 0.262 0.228
v 2.046 9.398 -3.903 0.100 0.110 0.130
v 2.054 9.410 -3.885 0.100 0.110 0.130
v 2.645 11.639 -3.891 0.339 0.312 0.278
v 3.910 12.752 -0.295 0.233 0.203 0.165
v -3.894 9.962 1.601 0.362 0.333 0.297
v 2.665 11.661 -3.895 0.339 0.312 0.278
v 1.505 7.155 -3.894 0.401 0.369 0.329
v 1.947 10.745 3.969 0.296 0.265 0.231
v -2.937 9.680 -1.348 0.264 0.229 0.186
v 3.744 12.405 -3.953 0.329 0.302 0.270
v 3.130 12.400 -2.887 0.237 0.206 0.167
v 3.571 12.400 -3.458 0.237 0.206 0.167
v 3.519 9.867 3.889 0.364 0.335 0.298
v 1.374 6.622 -3.899 0.408 0.376 0.335
v -3.894 9.982 1.625 0.362 0.333 0.297
v 2.894 11.840 -2.582 0.242 0.210 0.171
v 2.732 11.840 -3.611 0.203 0.173 0.137
v 2.459 11.090 -3.892 0.347 0.319 0.284
v -3.887 10.968 2.844 0.100 0.110 0.130
v 2.030 9.321 -3.894 0.100 0.110 0.130
v 1.920 8.855 -3.886 0.378 0.347 0.310
v -2.702 9.040 0.543 0.270 0.235 0.191
v 2.663 9.040 2.677 0.270 0.235 0.191
v 1.949 9.071 -3.957 0.315 0.283 0.246
v 1.649 7.736 -3.885 0.330 0.296 0.258
v 2.763 10.218 3.946 0.100 0.110 0.130
v 2.407 10.240 3.663 0.258 0.224 0.182
v -1.652 10.240 2.097 0.258 0.224 0.182
v -2.904 10.240 -2.186 0.258 0.224 0.182
v 2.451 11.075 -3.907 0.291 0.262 0.228
v 3.060 12.128 -3.910 0.239 0.208 0.169
v 0.589 11.280 3.958 0.344 0.317 0.282
v 3.532 9.881 3.902 0.363 0.334 0.298
v 2.315 10.514 -3.907 0.355 0.326 0.291
v 3.907 12.658 -0.081 0.273 0.245 0.213
v 3.883 12.661 -0.195 0.325 0.299 0.267
v -2.703 11.287 -3.951 0.344 0.317 0.282
v -3.562 11.280 -3.958 0.084 0.090 0.104
v 2.491 11.294 -3.948 0.344 0.317 0.282
v -1.232 10.720 2.719 0.253 0.220 0.179
v 2.357 10.742 -3.946 0.352 0.324 0.289
v 2.815 10.720 -0.240 0.253 0.220 0.179
v 2.841 10.164 3.954 0.360 0.331 0.295
v -1.722 10.160 1.993 0.259 0.225 0.183
v 2.432 10.160 3.596 0.217 0.184 0.146
v 2.775 10.160 0.930 0.259 0.225 0.183
v -0.742 11.280 3.444 0.248 0.215 0.175
v 2.855 11.280 -1.411 0.248 0.215 0.175
v -2.842 11.280 -3.741 0.248 0.215 0.175
v 3.660 12.960 -1.894 0.194 0.165 0.131
v -3.979 11.028 -3.701 0.348 0.320 0.285
v -3.991 13.751 -3.680 0.260 0.234 0.203
v -3.971 13.731 -3.709 0.084 0.090 0.104
v -3.971 13.731 -3.971 0.084 0.090 0.104
v -3.991 13.751 -3.991 0.084 0.090 0.104
v -3.979 11.211 -3.979 0.084 0.090 0.104
v -3.709 13.731 -3.971 0.310 0.285 0.254
v -3.680 13.751 -3.991 0.310 0.285 0.254
v -3.701 11.266 -3.979 0.344 0.317 0.282
v -3.709 13.731 -3.709 0.310 0.285 0.254
v -3.689 13.751 -3.689 0.310 0.285 0.254
v 3.854 13.579 0.059 0.100 0.110 0.130
v 3.872 13.573 -0.053 0.312 0.287 0.256
v 3.872 13.573 0.053 0.100 0.110 0.130
v 3.854 13.579 -0.059 0.313 0.288 0.256
v 3.871 12.581 -0.056 0.084 0.090 0.104
v 3.975 13.575 -0.056 0.100 0.110 0.130
v 3.972 12.767 -0.055 0.100 0.110 0.130
v 3.991 12.808 -0.071 0.100 0.110 0.130
v 3.976 13.575 0.056 0.100 0.110 0.130
v 3.970 12.717 0.055 0.100 0.110 0.130
v 3.868 12.531 0.052 0.100 0.110 0.130
v 3.874 12.539 0.062 0.100 0.110 0.130
v 3.978 13.108 -1.862 0.084 0.090 0.104
v 3.976 13.575 -1.864 0.100 0.110 0.130
v 3.872 13.573 -1.867 0.100 0.110 0.130
v 3.854 13.579 -1.861 0.100 0.110 0.130
v 3.871 13.061 -1.864 0.100 0.110 0.130
v 3.849 13.009 -1.991 0.520 0.280 0.160
v 3.849 13.591 -1.991 0.520 0.280 0.160
v 3.872 13.573 -1.973 0.520 0.280 0.160
v 3.871 13.023 -1.976 0.520 0.280 0.160
v 3.971 13.571 -1.971 0.100 0.110 0.130
v 3.991 13.591 -1.991 0.084 0.090 0.104
v 3.969 13.066 -1.976 0.100 0.110 0.130
v 3.853 13.055 -1.860 0.100 0.110 0.130
v 3.858 13.566 -1.966 0.437 0.230 0.128
v 3.858 13.022 -1.966 0.320 0.294 0.262
v 3.991 13.071 -1.991 0.100 0.110 0.130
v 3.982 13.075 -1.966 0.319 0.294 0.262
v 3.972 13.576 -2.826 0.262 0.236 0.205
v 3.910 13.559 -2.813 0.263 0.236 0.205
v 3.966 13.561 -2.879 0.313 0.288 0.256
v 3.991 13.148 -0.889 0.318 0.293 0.261
v 3.979 13.579 -0.894 0.312 0.287 0.256
v 3.966 13.106 -0.898 0.319 0.293 0.262
v 3.871 13.576 -0.911 0.312 0.287 0.256
v 3.973 13.573 -0.912 0.262 0.236 0.205
v 3.874 13.566 -0.898 0.263 0.236 0.205
v 3.849 13.591 -0.889 0.262 0.236 0.205
v 3.868 12.930 -0.908 0.270 0.242 0.211
v 3.874 12.939 -0.898 0.321 0.296 0.263
v 3.854 12.951 -1.018 0.321 0.295 0.263
v 3.854 13.579 -1.019 0.312 0.287 0.256
v 3.872 13.573 -1.013 0.313 0.288 0.256
v 3.871 12.982 -1.017 0.321 0.295 0.263
v 3.975 13.575 -1.016 0.312 0.287 0.256
v 3.972 13.166 -1.015 0.318 0.293 0.261
v 3.849 12.888 -0.889 0.322 0.296 0.264
v 3.858 13.566 -0.914 0.313 0.288 0.256
v 3.858 12.916 -0.914 0.270 0.243 0.211
v 3.991 13.207 -1.031 0.318 0.292 0.260
v 3.972 13.122 -0.908 0.319 0.293 0.261
v 3.982 13.142 -0.914 0.318 0.293 0.261
v 3.991 11.950 1.991 0.281 0.253 0.220
v 3.991 13.591 1.991 0.262 0.236 0.205
v 3.971 13.571 1.971 0.263 0.236 0.205
v 3.872 13.573 1.973 0.312 0.287 0.256
v 3.849 13.591 1.991 0.312 0.287 0.256
v 3.871 11.736 1.976 0.338 0.311 0.277
v 3.852 11.751 1.858 0.284 0.255 0.222
v 3.854 13.579 1.861 0.312 0.287 0.256
v 3.872 13.573 1.867 0.313 0.288 0.256
v 3.870 11.781 1.865 0.283 0.254 0.221
v 3.976 13.575 1.864 0.312 0.287 0.256
v 3.973 11.969 1.866 0.335 0.308 0.274
v 3.858 13.566 1.966 0.313 0.288 0.256
v 3.858 11.718 1.966 0.338 0.311 0.277
v 3.991 12.009 1.849 0.100 0.110 0.130
v 3.982 11.944 1.966 0.335 0.308 0.275
v 3.987 12.347 1.020 0.277 0.248 0.216
v 3.976 13.575 1.016 0.100 0.110 0.130
v 3.969 12.316 1.016 0.330 0.304 0.271
v 3.872 13.573 1.013 0.084 0.090 0.104
v 3.854 13.579 1.019 0.100 0.110 0.130
v 3.883 12.159 1.013 0.332 0.306 0.273
v 3.849 13.591 0.889 0.100 0.110 0.130
v 3.874 13.566 0.898 0.100 0.110 0.130
v 3.874 12.191 0.898 0.279 0.250 0.217
v 3.973 13.573 0.912 0.084 0.090 0.104
v 3.871 13.576 0.911 0.100 0.110 0.130
v 3.979 13.579 0.894 0.100 0.110 0.130
v 3.975 12.371 0.910 0.329 0.303 0.270
v 3.966 12.358 0.898 0.329 0.303 0.270
v 3.858 13.566 0.914 0.100 0.110 0.130
v 3.858 12.155 0.914 0.279 0.250 0.218
v 3.991 12.408 0.889 0.329 0.302 0.269
v -2.871 13.558 -3.849 0.263 0.236 0.205
v -2.863 13.572 -3.875 0.263 0.236 0.205
v -2.862 11.364 -3.874 0.343 0.316 0.281
v -2.827 13.568 -3.909 0.262 0.236 0.205
v -2.865 13.576 -3.976 0.313 0.288 0.256
v -2.834 13.574 -3.965 0.312 0.287 0.256
v -2.849 11.434 -3.976 0.287 0.258 0.224
v -2.867 11.433 -3.980 0.287 0.258 0.224
v -2.768 13.566 -3.975 0.312 0.287 0.256
v -3.872 13.625 -3.637 0.312 0.287 0.256
v -3.991 13.609 -3.589 0.312 0.287 0.256
v -3.991 13.609 -3.671 0.312 0.287 0.256
v -3.972 13.628 -3.635 0.312 0.287 0.256
v -3.849 13.609 -3.671 0.312 0.287 0.256
v -3.972 13.732 -3.645 0.310 0.285 0.254
v -3.849 13.751 -3.671 0.310 0.285 0.254
v -3.872 13.734 -3.651 0.310 0.285 0.254
v -3.872 13.742 -3.648 0.223 0.194 0.158
v -3.991 13.751 -3.633 0.310 0.285 0.254
v -3.858 13.726 -3.645 0.310 0.286 0.254
v -3.856 13.627 -3.627 0.312 0.287 0.256
v -2.815 13.621 -3.979 0.312 0.287 0.256
v -3.651 13.629 -3.971 0.312 0.287 0.256
v -2.918 13.609 -3.849 0.262 0.235 0.205
v -3.671 13.609 -3.849 0.312 0.287 0.256
v -3.653 13.627 -3.872 0.312 0.287 0.256
v -2.914 13.625 -3.870 0.262 0.235 0.205
v -3.671 13.609 -3.991 0.312 0.287 0.256
v -3.016 13.735 -3.870 0.310 0.285 0.254
v -3.653 13.733 -3.872 0.310 0.285 0.254
v -2.924 13.751 -3.991 0.310 0.285 0.254
v -3.651 13.732 -3.971 0.310 0.285 0.254
v -2.937 13.741 -3.966 0.310 0.285 0.254
v -3.671 13.751 -3.849 0.310 0.285 0.254
v -3.646 13.634 -3.858 0.312 0.287 0.256
v -2.933 13.634 -3.858 0.262 0.235 0.204
v -3.048 13.751 -3.849 0.310 0.285 0.254
v -3.646 13.726 -3.858 0.310 0.286 0.254
v -3.017 13.726 -3.858 0.310 0.286 0.254
v -2.918 13.730 -3.975 0.223 0.194 0.158
v 3.894 13.573 2.409 0.312 0.287 0.256
v 3.894 13.591 2.383 0.312 0.287 0.256
v 3.906 11.643 2.356 0.339 0.312 0.278
v 3.882 11.973 1.457 0.100 0.110 0.130
v 3.894 13.575 1.456 0.312 0.287 0.256
v 3.894 13.575 1.435 0.313 0.288 0.256
v 3.881 11.979 1.435 0.335 0.308 0.274
v 3.902 12.018 1.434 0.334 0.307 0.274
v 3.871 12.347 0.508 0.520 0.280 0.160
v 3.894 13.591 0.508 0.520 0.280 0.160
v 3.894 13.573 0.482 0.520 0.280 0.160
v 3.886 12.384 0.483 0.520 0.280 0.160
v 3.906 12.425 0.477 0.520 0.280 0.160
v 3.884 12.777 -0.469 0.324 0.298 0.266
v 3.894 13.575 -0.474 0.312 0.287 0.256
v 3.887 13.181 -1.428 0.318 0.293 0.261
v 3.894 13.573 -1.429 0.084 0.090 0.104
v 3.894 13.579 -1.453 0.100 0.110 0.130
v 3.894 13.579 -2.376 0.100 0.110 0.130
v 3.894 13.574 -2.400 0.100 0.110 0.130
v -3.354 13.575 -3.893 0.312 0.287 0.256
v 1.775 10.790 3.946 0.351 0.323 0.288
v 3.948 10.791 3.948 0.295 0.265 0.230
v 3.926 10.761 3.926 0.351 0.323 0.288
v 1.766 10.775 3.928 0.351 0.323 0.288
v 3.928 10.755 3.769 0.351 0.323 0.288
v 3.923 10.782 3.726 0.084 0.090 0.104
v 3.923 10.760 3.939 0.351 0.323 0.288
v 3.948 10.729 3.948 0.295 0.265 0.231
v 1.835 10.759 3.939 0.351 0.323 0.288
v 1.911 10.736 3.946 0.352 0.324 0.288
v 3.948 10.729 3.841 0.352 0.324 0.288
v 1.842 10.743 3.927 0.351 0.323 0.288
v 3.939 10.761 3.785 0.351 0.323 0.288
v 3.671 10.540 3.894 0.354 0.326 0.291
v 3.652 10.514 3.894 0.355 0.326 0.291
v 3.650 10.532 3.894 0.354 0.326 0.291
v 3.671 10.516 3.894 0.355 0.326 0.291
v 2.321 10.523 3.901 0.100 0.110 0.130
v 3.671 10.432 3.894 0.356 0.327 0.292
v 3.651 10.432 3.894 0.356 0.328 0.292
v -3.948 11.351 -3.948 0.084 0.090 0.104
v -3.926 11.337 -3.926 0.100 0.110 0.130
v -3.164 11.338 -3.926 0.343 0.316 0.281
v -3.927 11.336 -2.146 0.520 0.280 0.160
v 3.334 11.351 3.948 0.084 0.090 0.104
v 3.948 11.351 3.948 0.100 0.110 0.130
v 3.926 11.337 3.926 0.100 0.110 0.130
v 3.304 11.338 3.898 0.100 0.110 0.130
v 3.927 11.336 3.101 0.343 0.316 0.282
v 3.926 11.303 3.926 0.100 0.110 0.130
v 3.923 11.314 3.939 0.100 0.110 0.130
v 3.923 11.326 3.939 0.100 0.110 0.130
v 3.948 11.289 3.948 0.100 0.110 0.130
v 3.316 11.326 3.939 0.344 0.316 0.282
v 3.305 11.298 3.945 0.084 0.090 0.104
v -3.944 11.340 -2.156 0.343 0.316 0.281
v -3.939 11.326 -3.923 0.100 0.110 0.130
v -3.926 11.303 -3.926 0.100 0.110 0.130
v -3.939 11.314 -3.923 0.100 0.110 0.130
v -3.948 11.289 -3.948 0.084 0.090 0.104
v -3.927 11.304 -2.097 0.289 0.259 0.226
v -3.939 11.314 -2.117 0.208 0.176 0.140
v 3.928 11.305 3.139 0.100 0.110 0.130
v 3.284 11.298 3.898 0.100 0.110 0.130
v -3.948 11.289 -2.081 0.437 0.230 0.128
v 3.939 11.326 3.923 0.100 0.110 0.130
v 3.939 11.314 3.923 0.100 0.110 0.130
v 3.939 11.314 3.153 0.100 0.110 0.130
v -3.923 11.314 -3.939 0.100 0.110 0.130
v -3.923 11.326 -3.939 0.100 0.110 0.130
v -3.207 11.332 -3.930 0.208 0.176 0.140
v -3.271 11.326 -3.939 0.208 0.176 0.140
v -3.485 11.289 -3.948 0.344 0.316 0.282
v -3.327 11.314 -3.939 0.344 0.316 0.282
v 3.894 11.088 3.671 0.084 0.090 0.104
v 3.894 11.088 3.651 0.084 0.090 0.104
v 3.894 11.004 3.671 0.100 0.110 0.130
v 3.894 10.981 3.652 0.100 0.110 0.130
v 3.894 10.998 3.650 0.100 0.110 0.130
v 3.894 10.980 3.671 0.100 0.110 0.130
v -3.892 11.086 -1.757 0.100 0.110 0.130
v -3.894 11.088 -3.651 0.347 0.319 0.284
v -3.894 11.088 -3.671 0.347 0.319 0.285
v -3.902 11.100 -1.782 0.347 0.319 0.284
v 3.671 11.088 3.894 0.100 0.110 0.130
v 3.651 11.088 3.894 0.100 0.110 0.130
v 0.941 11.081 3.902 0.347 0.319 0.285
v 3.671 11.004 3.894 0.084 0.090 0.104
v 3.652 10.981 3.894 0.084 0.090 0.104
v 3.650 10.998 3.894 0.100 0.110 0.130
v 3.671 10.980 3.894 0.084 0.090 0.104
v 1.180 10.990 3.907 0.292 0.263 0.228
v -1.289 11.893 -3.943 0.100 0.110 0.130
v -3.948 11.911 -3.948 0.100 0.110 0.130
v -3.927 11.888 -3.927 0.084 0.090 0.104
v -1.311 11.902 -3.923 0.336 0.309 0.275
v -3.904 11.876 -2.956 0.336 0.309 0.275
v -3.923 11.902 -3.001 0.336 0.309 0.275
v -3.948 11.911 2.139 0.335 0.309 0.275
v -3.927 11.888 3.927 0.100 0.110 0.130
v -3.928 11.895 2.122 0.336 0.309 0.275
v 2.412 11.890 3.901 0.336 0.309 0.275
v 3.615 11.892 3.943 0.100 0.110 0.130
v 3.948 11.911 3.948 0.100 0.110 0.130
v 3.927 11.888 3.927 0.100 0.110 0.130
v 3.605 11.886 3.928 0.100 0.110 0.130
v 3.930 11.892 1.861 0.242 0.210 0.171
v 3.923 11.902 1.809 0.336 0.309 0.275
v 3.923 11.880 3.939 0.100 0.110 0.130
v 3.948 11.849 3.948 0.100 0.110 0.130
v 2.441 11.911 3.948 0.335 0.309 0.275
v -3.923 11.880 3.939 0.100 0.110 0.130
v 2.471 11.879 3.939 0.336 0.309 0.275
v 2.474 11.868 3.930 0.242 0.210 0.171
v 3.595 11.849 3.948 0.100 0.110 0.130
v -3.939 11.880 3.923 0.100 0.110 0.130
v -3.939 11.880 2.102 0.336 0.309 0.275
v -3.948 11.911 -3.022 0.335 0.309 0.275
v -3.939 11.880 -3.923 0.084 0.090 0.104
v -3.939 11.879 -2.972 0.336 0.309 0.275
v -3.948 11.849 -3.948 0.100 0.110 0.130
v -3.948 11.849 2.063 0.336 0.309 0.276
v -1.284 11.879 -3.930 0.100 0.110 0.130
v -3.923 11.858 -3.923 0.084 0.090 0.104
v -1.268 11.858 -3.923 0.100 0.110 0.130
v 3.947 11.850 2.038 0.336 0.309 0.276
v 3.923 11.858 3.923 0.100 0.110 0.130
v 3.923 11.858 1.913 0.336 0.309 0.276
v 3.588 11.858 3.923 0.100 0.110 0.130
v -3.659 11.849 3.948 0.336 0.309 0.276
v 2.478 11.858 3.923 0.336 0.309 0.276
v 2.519 11.849 3.948 0.336 0.309 0.276
v -3.930 11.868 2.087 0.242 0.210 0.171
v -3.923 11.858 2.076 0.336 0.309 0.276
v -3.972 11.849 -2.936 0.336 0.309 0.276
v -3.923 11.858 -2.935 0.336 0.309 0.276
v 3.948 11.911 1.898 0.335 0.309 0.275
v 3.939 11.880 3.923 0.100 0.110 0.130
v 3.930 11.868 1.920 0.336 0.309 0.276
v -3.923 11.880 -3.939 0.084 0.090 0.104
v -1.242 11.849 -3.948 0.100 0.110 0.130
v 3.902 11.660 2.297 0.339 0.312 0.278
v 3.894 11.660 3.671 0.100 0.110 0.130
v 3.893 11.644 3.650 0.100 0.110 0.130
v 3.894 11.662 3.652 0.100 0.110 0.130
v 3.894 11.636 3.671 0.100 0.110 0.130
v 3.883 11.651 2.236 0.339 0.312 0.278
v 3.885 11.660 2.221 0.339 0.312 0.278
v 3.894 11.552 3.671 0.100 0.110 0.130
v 3.894 11.552 3.651 0.100 0.110 0.130
v -3.895 11.646 -2.605 0.339 0.312 0.278
v -3.894 11.644 -3.650 0.100 0.110 0.130
v -3.885 11.636 -2.587 0.339 0.312 0.278
v -3.894 11.660 1.834 0.339 0.312 0.278
v -3.894 11.660 3.671 0.100 0.110 0.130
v -3.894 11.644 3.650 0.100 0.110 0.130
v -3.894 11.643 1.813 0.339 0.312 0.278
v -3.894 11.662 3.653 0.100 0.110 0.130
v -3.894 11.636 -3.671 0.100 0.110 0.130
v -3.894 11.662 -3.652 0.100 0.110 0.130
v -3.894 11.660 -2.627 0.339 0.312 0.278
v -3.894 11.660 -3.671 0.100 0.110 0.130
v -3.894 11.557 -2.471 0.340 0.313 0.279
v -3.894 11.552 -3.651 0.100 0.110 0.130
v -3.889 11.539 -2.441 0.341 0.313 0.279
v -3.894 11.552 -3.671 0.100 0.110 0.130
v 3.471 11.660 3.893 0.339 0.312 0.278
v 3.671 11.660 3.894 0.100 0.110 0.130
v 3.650 11.644 3.894 0.100 0.110 0.130
v 3.457 11.640 3.886 0.100 0.110 0.130
v 3.652 11.662 3.894 0.100 0.110 0.130
v 3.671 11.636 3.894 0.100 0.110 0.130
v 3.467 11.647 3.900 0.100 0.110 0.130
v 3.414 11.552 3.893 0.100 0.110 0.130
v 3.671 11.552 3.894 0.100 0.110 0.130
v 3.651 11.552 3.894 0.100 0.110 0.130
v -1.078 11.644 -3.894 0.084 0.090 0.104
v -3.650 11.644 -3.894 0.100 0.110 0.130
v -3.671 11.636 -3.894 0.100 0.110 0.130
v -3.652 11.662 -3.894 0.100 0.110 0.130
v -1.095 11.660 -3.893 0.339 0.312 0.278
v -3.671 11.660 -3.894 0.100 0.110 0.130
v -0.990 11.553 -3.893 0.100 0.110 0.130
v -3.651 11.552 -3.894 0.100 0.110 0.130
v -0.970 11.540 -3.902 0.286 0.257 0.223
v -3.671 11.552 -3.894 0.100 0.110 0.130
v -1.729 12.471 -3.948 0.275 0.247 0.215
v -3.948 12.471 -3.948 0.328 0.301 0.269
v -3.926 12.440 -3.926 0.328 0.302 0.269
v -1.741 12.438 -3.916 0.328 0.302 0.269
v -3.928 12.440 -3.240 0.328 0.302 0.269
v -3.966 12.472 2.831 0.084 0.090 0.104
v -3.948 12.471 3.948 0.328 0.301 0.269
v -3.926 12.440 3.926 0.275 0.247 0.215
v -3.899 12.458 2.818 0.100 0.110 0.130
v 1.749 12.434 3.928 0.328 0.302 0.269
v 1.708 12.462 3.923 0.328 0.302 0.269
v 3.921 12.471 3.948 0.275 0.247 0.215
v 3.956 12.494 3.962 0.275 0.247 0.215
v 3.915 12.440 3.927 0.328 0.302 0.269
v 3.910 12.433 3.941 0.328 0.302 0.269
v 3.948 12.409 3.948 0.276 0.248 0.216
v 1.725 12.471 3.948 0.328 0.301 0.269
v -3.923 12.440 3.939 0.276 0.247 0.215
v 1.754 12.440 3.939 0.328 0.302 0.269
v -3.948 12.409 3.948 0.329 0.302 0.269
v -3.939 12.440 3.923 0.276 0.248 0.215
v -3.968 12.457 2.812 0.100 0.110 0.130
v -3.948 12.471 -3.246 0.328 0.301 0.269
v -3.939 12.440 -3.923 0.328 0.302 0.269
v -3.944 12.425 -3.233 0.328 0.302 0.269
v -3.948 12.409 -3.948 0.329 0.302 0.269
v -3.945 12.418 2.766 0.100 0.110 0.130
v 3.948 12.409 0.700 0.329 0.302 0.269
v 1.804 12.409 3.948 0.329 0.302 0.269
v -3.928 12.425 2.776 0.328 0.302 0.269
v 3.939 12.440 3.923 0.328 0.302 0.269
v 3.937 12.437 0.584 0.328 0.302 0.269
v 3.930 12.428 0.574 0.328 0.302 0.269
v -3.923 12.440 -3.939 0.328 0.302 0.269
v -1.721 12.446 -3.939 0.328 0.302 0.269
v -1.694 12.418 -3.945 0.276 0.248 0.216
v 3.897 12.213 0.946 0.331 0.305 0.272
v 3.894 12.220 3.671 0.331 0.305 0.272
v 3.894 12.194 3.652 0.332 0.305 0.272
v 3.894 12.212 3.650 0.331 0.305 0.272
v 3.894 12.196 3.671 0.331 0.305 0.272
v 3.884 12.215 0.883 0.278 0.250 0.217
v 3.894 12.112 3.671 0.332 0.306 0.273
v 3.894 12.112 3.651 0.333 0.306 0.273
v -3.894 12.212 -3.175 0.331 0.305 0.272
v -3.894 12.212 -3.650 0.331 0.305 0.272
v -3.894 12.194 -3.652 0.332 0.305 0.272
v -3.894 12.196 -3.170 0.332 0.305 0.272
v -3.894 12.220 2.526 0.331 0.305 0.272
v -3.894 12.220 3.671 0.278 0.250 0.217
v -3.894 12.194 3.652 0.278 0.250 0.217
v -3.894 12.196 2.495 0.332 0.305 0.272
v -3.894 12.212 3.650 0.278 0.250 0.217
v -3.894 12.196 3.671 0.278 0.250 0.217
v -3.894 12.208 2.510 0.100 0.110 0.130
v -3.894 12.196 -3.671 0.331 0.305 0.272
v -3.894 12.220 -3.671 0.331 0.305 0.272
v -3.894 12.112 -3.144 0.333 0.306 0.273
v -3.894 12.112 -3.651 0.333 0.306 0.273
v -3.894 12.120 2.402 0.100 0.110 0.130
v -3.894 12.112 3.671 0.332 0.306 0.273
v -3.894 12.112 3.651 0.333 0.306 0.273
v -3.894 12.103 2.380 0.280 0.251 0.218
v -3.894 12.112 -3.671 0.333 0.306 0.273
v 2.001 12.210 3.898 0.100 0.110 0.130
v -3.650 12.212 3.894 0.331 0.305 0.272
v -3.652 12.194 3.894 0.332 0.305 0.272
v 2.013 12.196 3.894 0.332 0.305 0.272
v -3.671 12.196 3.894 0.331 0.305 0.272
v 1.965 12.221 3.880 0.100 0.110 0.130
v -3.671 12.220 3.894 0.331 0.305 0.272
v 2.130 12.108 3.898 0.100 0.110 0.130
v -3.651 12.112 3.894 0.333 0.306 0.273
v -3.671 12.112 3.894 0.333 0.306 0.273
v 2.101 12.120 3.886 0.332 0.306 0.273
v -1.603 12.212 -3.893 0.331 0.305 0.272
v -3.650 12.212 -3.894 0.331 0.305 0.272
v -3.652 12.194 -3.894 0.332 0.305 0.272
v -1.594 12.195 -3.889 0.332 0.305 0.272
v -1.578 12.196 -3.905 0.331 0.305 0.272
v -3.671 12.196 -3.894 0.331 0.305 0.272
v -3.671 12.220 -3.894 0.331 0.305 0.272
v -1.532 12.112 -3.892 0.333 0.306 0.273
v -3.651 12.112 -3.894 0.333 0.306 0.273
v -1.509 12.100 -3.905 0.333 0.306 0.273
v -3.671 12.112 -3.894 0.280 0.251 0.218
v 2.955 13.015 -3.928 0.320 0.295 0.263
v 3.926 13.017 -3.926 0.320 0.295 0.263
v -2.240 13.022 -3.945 0.100 0.110 0.130
v -3.948 13.031 -3.948 0.320 0.294 0.262
v -3.926 13.017 -3.926 0.320 0.294 0.262
v -2.273 13.022 -3.923 0.100 0.110 0.130
v -3.927 13.016 -3.417 0.320 0.295 0.263
v -3.945 13.022 3.513 0.100 0.110 0.130
v -3.948 13.031 3.948 0.269 0.241 0.210
v -3.926 13.017 3.926 0.320 0.294 0.262
v -3.928 13.015 3.506 0.320 0.294 0.262
v 0.472 13.015 3.924 0.437 0.230 0.128
v 3.943 13.020 -2.080 0.520 0.280 0.160
v 3.948 13.031 -3.948 0.269 0.241 0.210
v 3.927 13.017 -2.068 0.320 0.294 0.262
v 0.496 13.031 3.948 0.520 0.280 0.160
v -3.923 13.006 3.939 0.320 0.295 0.263
v 0.535 13.006 3.939 0.437 0.230 0.128
v -3.926 12.983 3.926 0.321 0.295 0.263
v -3.923 12.994 3.939 0.320 0.295 0.263
v -3.948 12.969 3.948 0.269 0.242 0.210
v 0.534 12.974 3.909 0.084 0.090 0.104
v 0.561 12.993 3.937 0.231 0.200 0.163
v -3.939 12.994 3.923 0.320 0.295 0.263
v -3.939 13.006 3.923 0.320 0.295 0.263
v -3.944 13.020 -3.415 0.320 0.294 0.262
v -3.939 13.006 -3.923 0.320 0.295 0.263
v -3.926 12.983 -3.926 0.321 0.295 0.263
v -3.939 12.994 -3.923 0.320 0.295 0.263
v -3.948 12.969 -3.948 0.321 0.295 0.263
v -3.927 12.984 -3.407 0.321 0.295 0.263
v -3.944 12.980 -3.403 0.320 0.295 0.263
v -3.948 12.969 3.447 0.084 0.090 0.104
v -3.939 12.994 3.479 0.320 0.295 0.263
v -2.214 12.985 -3.928 0.321 0.295 0.263
v 2.839 12.969 -3.948 0.100 0.110 0.130
v 3.948 12.969 -3.948 0.269 0.242 0.210
v 3.926 12.983 -3.926 0.321 0.295 0.263
v 2.855 12.978 -3.923 0.100 0.110 0.130
v 3.928 12.985 -2.167 0.520 0.280 0.160
v 0.649 12.969 3.948 0.100 0.110 0.130
v -3.930 12.988 3.471 0.231 0.201 0.163
v -3.923 12.978 3.460 0.084 0.090 0.104
v 3.939 12.994 -3.923 0.320 0.295 0.263
v 3.939 13.006 -3.923 0.320 0.295 0.263
v 3.939 13.006 -2.119 0.194 0.164 0.130
v 3.948 12.969 -2.240 0.321 0.295 0.263
v 3.939 12.994 -2.152 0.520 0.280 0.160
v -3.923 12.994 -3.939 0.320 0.295 0.263
v -3.923 13.006 -3.939 0.320 0.295 0.263
v -2.250 13.012 -3.930 0.231 0.200 0.163
v 3.014 13.032 -3.971 0.520 0.280 0.160
v 3.923 13.006 -3.939 0.320 0.295 0.263
v 2.932 13.006 -3.939 0.320 0.295 0.263
v 3.923 12.994 -3.939 0.320 0.295 0.263
v 2.889 12.993 -3.906 0.321 0.295 0.263
v 2.903 12.990 -3.972 0.100 0.110 0.130
v -2.160 12.969 -3.948 0.100 0.110 0.130
v -2.210 12.994 -3.939 0.320 0.295 0.263
v 3.894 12.768 -3.651 0.324 0.298 0.265
v 3.894 12.768 -3.671 0.324 0.298 0.265
v 3.894 12.661 -3.652 0.325 0.299 0.266
v 3.897 12.678 3.669 0.273 0.245 0.213
v 3.890 12.663 3.653 0.273 0.245 0.213
v 3.897 12.662 -0.134 0.234 0.203 0.165
v 3.892 12.679 3.646 0.273 0.245 0.213
v 3.893 12.660 3.671 0.273 0.245 0.213
v 3.888 12.679 -0.216 0.100 0.110 0.130
v 3.894 12.660 -3.671 0.325 0.299 0.267
v 3.894 12.678 -3.650 0.325 0.299 0.266
v 3.894 12.684 -3.671 0.325 0.299 0.266
v 3.907 12.672 -3.078 0.100 0.110 0.130
v -3.894 12.773 -3.347 0.324 0.298 0.265
v -3.894 12.768 -3.651 0.324 0.298 0.265
v -3.894 12.772 3.207 0.437 0.230 0.128
v -3.894 12.768 3.671 0.323 0.298 0.265
v -3.894 12.768 3.651 0.324 0.298 0.265
v -3.892 12.756 3.187 0.324 0.298 0.265
v -3.894 12.768 -3.671 0.324 0.298 0.265
v -3.894 12.662 -3.313 0.325 0.299 0.266
v -3.894 12.661 -3.652 0.325 0.299 0.266
v -3.893 12.679 3.092 0.520 0.280 0.160
v -3.894 12.684 3.671 0.325 0.299 0.266
v -3.894 12.661 3.652 0.325 0.299 0.267
v -3.894 12.662 3.071 0.325 0.299 0.267
v -3.893 12.678 3.650 0.325 0.299 0.266
v -3.894 12.660 3.671 0.325 0.299 0.267
v -3.894 12.660 -3.671 0.325 0.299 0.267
v -3.894 12.678 -3.650 0.325 0.299 0.266
v -3.894 12.679 -3.318 0.325 0.299 0.266
v -3.894 12.684 -3.671 0.325 0.299 0.266
v 1.005 12.764 3.889 0.272 0.244 0.212
v -3.651 12.768 3.894 0.324 0.298 0.265
v -3.671 12.768 3.894 0.272 0.244 0.212
v 0.963 12.777 3.885 0.323 0.298 0.265
v 1.054 12.759 3.903 0.272 0.244 0.212
v 1.270 12.662 3.894 0.325 0.299 0.266
v -3.652 12.661 3.894 0.325 0.299 0.266
v -3.671 12.660 3.894 0.273 0.245 0.213
v -3.650 12.678 3.894 0.273 0.245 0.213
v 1.205 12.680 3.886 0.325 0.299 0.266
v -3.671 12.684 3.894 0.273 0.245 0.213
v 1.258 12.678 3.904 0.325 0.299 0.266
v -2.002 12.769 -3.893 0.437 0.230 0.128
v -3.651 12.768 -3.894 0.272 0.244 0.212
v 2.558 12.768 -3.894 0.100 0.110 0.130
v 3.671 12.768 -3.894 0.272 0.244 0.212
v 3.651 12.768 -3.894 0.272 0.244 0.212
v -1.980 12.756 -3.905 0.437 0.230 0.128
v -3.671 12.768 -3.894 0.324 0.298 0.265
v -1.928 12.662 -3.891 0.325 0.299 0.266
v -3.652 12.661 -3.894 0.273 0.245 0.213
v 2.484 12.679 -3.894 0.100 0.110 0.130
v 3.671 12.684 -3.894 0.273 0.245 0.213
v 3.652 12.661 -3.894 0.273 0.245 0.213
v 2.469 12.662 -3.894 0.273 0.245 0.213
v 3.650 12.678 -3.894 0.325 0.299 0.266
v 3.671 12.660 -3.894 0.273 0.245 0.213
v -1.907 12.635 -3.892 0.520 0.280 0.160
v -3.671 12.660 -3.894 0.325 0.299 0.267
v -3.650 12.678 -3.894 0.325 0.299 0.266
v -1.937 12.679 -3.894 0.437 0.230 0.128
v -3.671 12.684 -3.894 0.325 0.299 0.266
v -3.948 13.591 -3.948 0.100 0.110 0.130
v -3.927 13.568 -3.927 0.084 0.090 0.104
v -3.928 13.566 -3.586 0.312 0.287 0.256
v -3.943 13.572 -3.585 0.312 0.287 0.256
v -3.939 13.560 -3.923 0.084 0.090 0.104
v -3.948 13.529 -3.948 0.100 0.110 0.130
v -3.923 13.538 -3.923 0.084 0.090 0.104
v -2.788 13.538 -3.923 0.263 0.236 0.205
v -3.948 13.529 -3.571 0.313 0.288 0.257
v -3.923 13.538 -3.578 0.313 0.288 0.257
v -3.923 13.560 -3.939 0.084 0.090 0.104
v -2.742 13.530 -3.966 0.313 0.288 0.257
v 3.888 13.326 2.900 0.437 0.230 0.128
v 3.893 13.324 -3.650 0.316 0.291 0.259
v 3.903 13.320 2.940 0.265 0.238 0.207
v 3.894 13.316 -3.671 0.316 0.291 0.259
v 3.894 13.342 -3.652 0.316 0.290 0.259
v 3.894 13.340 2.897 0.265 0.238 0.207
v 3.894 13.340 -3.671 0.316 0.290 0.259
v 3.894 13.232 3.022 0.520 0.280 0.160
v 3.894 13.232 -3.651 0.317 0.292 0.260
v 3.905 13.220 3.059 0.520 0.280 0.160
v 3.894 13.232 -3.671 0.317 0.292 0.260
v 3.875 13.254 2.956 0.437 0.230 0.128
v -3.894 13.324 -3.516 0.316 0.291 0.259
v -3.894 13.324 -3.650 0.265 0.238 0.207
v -3.894 13.316 -3.671 0.265 0.238 0.207
v -3.894 13.342 -3.652 0.265 0.238 0.207
v -3.894 13.340 -3.521 0.316 0.290 0.259
v -3.894 13.340 -3.671 0.265 0.238 0.207
v -3.894 13.232 -3.488 0.317 0.292 0.260
v -3.894 13.232 -3.651 0.317 0.292 0.260
v -3.894 13.232 -3.671 0.317 0.292 0.260
v -1.940 13.225 3.900 0.266 0.239 0.208
v -3.651 13.232 3.894 0.317 0.292 0.260
v -2.131 13.223 3.884 0.317 0.292 0.260
v -3.671 13.232 3.894 0.317 0.292 0.260
v -2.402 13.244 3.893 0.100 0.110 0.130
v -2.195 13.241 3.903 0.317 0.292 0.260
v -1.780 13.220 3.905 0.100 0.110 0.130
v -2.317 13.230 3.880 0.084 0.090 0.104
v -2.377 13.242 3.891 0.100 0.110 0.130
v -1.882 13.218 3.896 0.317 0.292 0.260
v -2.547 13.244 3.882 0.100 0.110 0.130
v -2.010 13.234 3.907 0.520 0.280 0.160
v -2.458 13.242 3.886 0.228 0.198 0.161
v -2.616 13.324 -3.894 0.100 0.110 0.130
v -3.650 13.324 -3.894 0.316 0.291 0.259
v -3.671 13.316 -3.894 0.316 0.291 0.259
v -3.652 13.342 -3.894 0.316 0.290 0.259
v -2.632 13.340 -3.894 0.316 0.290 0.259
v -3.671 13.340 -3.894 0.316 0.290 0.259
v -2.537 13.235 -3.891 0.100 0.110 0.130
v -3.651 13.232 -3.894 0.317 0.292 0.260
v -2.516 13.223 -3.902 0.317 0.292 0.260
v 3.547 13.242 -3.896 0.317 0.292 0.260
v 3.671 13.232 -3.894 0.317 0.292 0.260
v 3.651 13.232 -3.894 0.317 0.292 0.260
v 3.498 13.223 -3.892 0.317 0.292 0.260
v -3.671 13.232 -3.894 0.317 0.292 0.260
v 3.970 11.518 2.936 0.437 0.230 0.128
v 3.986 11.548 2.938 0.520 0.280 0.160
v 3.986 13.481 2.938 0.520 0.280 0.160
v 3.969 13.449 2.937 0.520 0.280 0.160
v -0.293 6.644 -1.947 0.343 0.308 0.268
v -0.289 9.014 -1.944 0.315 0.283 0.246
v 1.933 9.036 -3.981 0.315 0.283 0.246
v 1.929 11.984 -3.991 0.334 0.308 0.274
v 1.948 12.012 -3.974 0.334 0.307 0.274
v 0.034 8.302 -3.982 0.385 0.354 0.316
v 0.018 8.321 -3.975 0.385 0.354 0.315
v 0.009 10.604 -3.991 0.353 0.325 0.290
v 0.034 10.572 -3.982 0.354 0.326 0.290
v 0.120 10.420 -3.892 0.100 0.110 0.130
v -3.896 11.509 -2.399 0.341 0.314 0.280
v 3.973 11.570 2.826 0.520 0.280 0.160
v 3.981 13.573 2.820 0.520 0.280 0.160
v 2.046 10.719 3.982 0.296 0.265 0.231
v 2.062 10.706 3.975 0.296 0.265 0.231
v 2.062 12.233 3.976 0.084 0.090 0.104
v 2.046 12.250 3.982 0.084 0.090 0.104
v -1.898 10.485 -3.977 0.520 0.280 0.160
v -1.892 12.734 -3.972 0.437 0.230 0.128
v -1.900 12.750 -3.976 0.437 0.230 0.128
v -3.894 12.138 2.423 0.100 0.110 0.130
v -3.702 11.875 3.978 0.100 0.110 0.130
v -3.707 13.329 3.973 0.265 0.238 0.207
v -1.954 7.505 -0.302 0.333 0.299 0.260
v -1.951 9.875 -0.297 0.306 0.274 0.239
v 0.485 12.977 3.892 0.437 0.230 0.128
v 1.944 10.234 1.936 0.100 0.110 0.130
v 1.954 8.962 -3.858 0.376 0.346 0.308
v 1.944 8.933 -3.871 0.376 0.346 0.309
v 1.943 12.042 -3.871 0.334 0.307 0.273
v 1.940 12.044 -3.853 0.100 0.110 0.130
v -3.927 10.743 2.563 0.352 0.323 0.288
v -3.948 10.729 0.564 0.352 0.324 0.288
v -3.927 10.743 0.609 0.352 0.323 0.288
v -3.907 10.178 -2.394 0.100 0.110 0.130
v -3.892 11.495 -2.376 0.341 0.314 0.280
v -0.474 13.130 3.882 0.319 0.293 0.261
v 1.111 12.680 3.849 0.325 0.299 0.266
v 1.098 12.709 3.872 0.324 0.298 0.266
v 1.097 10.985 3.871 0.100 0.110 0.130
v -1.457 13.211 3.916 0.317 0.292 0.260
v -1.451 13.187 3.886 0.267 0.240 0.208
v -2.377 10.907 -3.885 0.084 0.090 0.104
v -2.378 13.060 -3.889 0.100 0.110 0.130
v -2.402 13.091 -3.894 0.100 0.110 0.130
v -0.594 11.640 3.900 0.339 0.312 0.278
v -0.805 11.634 3.878 0.339 0.312 0.278
v 2.705 11.648 3.886 0.339 0.312 0.278
v 2.733 11.640 3.902 0.339 0.312 0.278
v -2.871 13.345 3.991 0.100 0.110 0.130
v -2.862 13.329 3.966 0.100 0.110 0.130
v -1.429 13.189 3.891 0.318 0.292 0.261
v 0.012 10.532 -3.893 0.100 0.110 0.130
v -3.977 13.331 3.978 0.316 0.291 0.259
v -3.894 10.532 2.305 0.100 0.110 0.130
v -3.893 10.533 0.133 0.100 0.110 0.130
v -3.886 10.509 0.079 0.100 0.110 0.130
v -2.530 10.102 -2.530 0.360 0.332 0.296
v -2.532 11.872 -2.538 0.100 0.110 0.130
v 3.923 12.978 -0.779 0.269 0.242 0.210
v 3.948 12.969 -0.646 0.321 0.295 0.263
v 3.948 12.969 3.440 0.321 0.295 0.263
v 3.927 12.984 3.376 0.321 0.295 0.263
v 0.293 5.719 -1.947 0.421 0.387 0.345
v 0.311 8.053 -1.929 0.389 0.358 0.319
v 0.289 8.102 -1.943 0.388 0.357 0.318
v -3.894 10.981 -1.599 0.348 0.320 0.286
v 2.408 10.882 -3.896 0.349 0.321 0.286
v 2.384 10.809 -3.914 0.351 0.323 0.288
v 2.383 12.560 -3.890 0.100 0.110 0.130
v 2.403 12.583 -3.894 0.100 0.110 0.130
v 1.590 11.552 -3.893 0.100 0.110 0.130
v 2.046 9.338 -3.858 0.084 0.090 0.104
v 2.071 9.430 -3.849 0.084 0.090 0.104
v 2.071 12.202 -3.849 0.100 0.110 0.130
v 2.046 12.169 -3.858 0.100 0.110 0.130
v 1.205 9.964 -3.894 0.362 0.333 0.297
v 1.952 7.194 -2.538 0.084 0.090 0.104
v 1.948 11.217 -2.532 0.100 0.110 0.130
v 1.934 11.172 -2.539 0.084 0.090 0.104
v 1.183 9.872 -3.893 0.364 0.335 0.298
v 3.771 12.418 -3.923 0.276 0.248 0.215
v 3.834 12.441 -3.930 0.276 0.248 0.215
v 2.293 12.440 -3.927 0.100 0.110 0.130
v 1.630 11.661 -3.892 0.339 0.312 0.278
v 1.616 11.643 -3.892 0.100 0.110 0.130
v 0.487 9.874 -3.893 0.520 0.280 0.160
v 2.508 11.337 -3.926 0.343 0.316 0.281
v 1.522 11.337 -3.943 0.100 0.110 0.130
v 1.527 11.337 -3.926 0.084 0.090 0.104
v 0.025 10.510 -3.882 0.100 0.110 0.130
v 3.923 13.582 -2.763 0.312 0.287 0.256
v 3.926 13.577 2.697 0.100 0.110 0.130
v -2.738 11.314 -3.939 0.344 0.316 0.282
v -2.739 11.286 -3.898 0.344 0.316 0.282
v -0.721 11.304 -3.927 0.344 0.316 0.282
v -0.724 11.314 -3.938 0.247 0.215 0.175
v -3.927 10.768 -3.293 0.351 0.323 0.288
v -3.948 10.791 -1.327 0.351 0.323 0.288
v -3.927 10.768 -1.287 0.100 0.110 0.130
v 3.894 13.438 -3.354 0.314 0.289 0.258
v 0.786 9.406 -3.896 0.370 0.341 0.304
v 0.771 9.418 -3.885 0.370 0.340 0.303
v -2.742 11.822 3.978 0.337 0.310 0.276
v -2.747 13.329 3.973 0.100 0.110 0.130
v 2.008 12.112 -3.894 0.100 0.110 0.130
v -3.897 10.693 0.508 0.520 0.280 0.160
v -3.895 10.682 0.482 0.520 0.280 0.160
v -0.940 11.474 -3.853 0.100 0.110 0.130
v -0.936 11.482 -3.870 0.100 0.110 0.130
v 3.974 13.733 2.623 0.100 0.110 0.130
v 3.969 13.737 -2.354 0.100 0.110 0.130
v 3.982 13.726 -2.407 0.100 0.110 0.130
v -3.978 8.864 -0.058 0.377 0.347 0.309
v -3.978 10.472 -0.058 0.100 0.110 0.130
v 2.046 9.502 -3.982 0.369 0.339 0.302
v 2.056 9.529 -3.970 0.100 0.110 0.130
v 2.062 12.147 -3.976 0.084 0.090 0.104
v 2.046 12.126 -3.982 0.279 0.251 0.218
v -3.854 11.042 2.938 0.520 0.280 0.160
v -3.871 11.042 2.937 0.520 0.280 0.160
v -3.871 12.552 2.937 0.520 0.280 0.160
v -3.854 12.552 2.938 0.520 0.280 0.160
v 3.976 12.749 -2.936 0.100 0.110 0.130
v 3.981 13.549 -2.935 0.313 0.288 0.257
v 3.959 13.536 -2.946 0.313 0.288 0.257
v 0.139 8.001 -3.855 0.100 0.110 0.130
v 0.151 10.357 -3.849 0.100 0.110 0.130
v 0.126 10.392 -3.858 0.100 0.110 0.130
v 2.424 12.607 -3.895 0.100 0.110 0.130
v 3.868 11.376 2.828 0.343 0.315 0.281
v 3.871 13.361 2.824 0.100 0.110 0.130
v 3.853 13.330 2.820 0.100 0.110 0.130
v 3.008 12.043 -3.978 0.100 0.110 0.130
v 2.903 10.137 3.977 0.520 0.280 0.160
v 2.907 11.569 3.973 0.520 0.280 0.160
v 1.093 11.093 3.973 0.100 0.110 0.130
v 1.111 11.105 3.991 0.100 0.110 0.130
v 1.111 12.828 3.991 0.323 0.297 0.265
v 1.093 12.816 3.973 0.323 0.297 0.265
v -0.466 11.018 -3.892 0.348 0.320 0.285
v 0.298 10.231 -3.948 0.100 0.110 0.130
v 0.312 10.200 -3.939 0.100 0.110 0.130
v 0.490 7.483 -3.887 0.520 0.280 0.160
v 0.479 7.510 -3.896 0.520 0.280 0.160
v -3.894 11.088 1.126 0.084 0.090 0.104
v 3.883 12.977 3.288 0.084 0.090 0.104
v 1.462 6.965 -3.886 0.404 0.371 0.331
v 1.451 6.923 -3.888 0.404 0.372 0.332
v 1.450 10.976 -3.895 0.348 0.321 0.286
v 1.457 11.002 -3.891 0.348 0.320 0.285
v -3.894 8.915 -0.478 0.377 0.347 0.309
v -3.895 10.276 -0.474 0.301 0.270 0.235
v -0.834 9.316 -3.858 0.371 0.342 0.304
v -0.824 11.357 -3.855 0.343 0.316 0.282
v 1.209 9.981 -3.893 0.362 0.333 0.297
v 0.291 6.867 0.291 0.340 0.306 0.266
v 0.290 8.745 0.290 0.379 0.349 0.311
v 0.987 6.792 -3.973 0.406 0.374 0.333
v 0.969 9.218 -3.991 0.373 0.343 0.306
v 0.988 9.191 -3.978 0.373 0.343 0.306
v 1.461 12.605 3.913 0.326 0.300 0.267
v 1.433 12.615 3.912 0.326 0.300 0.267
v -3.979 8.914 0.059 0.317 0.284 0.247
v -3.977 10.521 0.058 0.100 0.110 0.130
v -2.862 11.745 3.874 0.338 0.311 0.277
v -2.852 11.739 3.868 0.338 0.311 0.277
v -2.852 13.249 3.868 0.100 0.110 0.130
v -2.862 13.255 3.874 0.100 0.110 0.130
v 3.015 10.053 3.982 0.520 0.280 0.160
v 3.017 11.486 3.977 0.520 0.280 0.160
v -3.858 10.255 1.966 0.358 0.330 0.294
v -3.871 10.265 1.977 0.358 0.330 0.294
v -3.871 11.775 1.977 0.283 0.254 0.221
v -3.858 11.765 1.966 0.283 0.255 0.221
v 2.070 12.189 -3.885 0.100 0.110 0.130
v 2.092 12.212 -3.894 0.100 0.110 0.130
v 2.534 8.888 2.525 0.100 0.110 0.130
v 2.538 11.072 2.532 0.100 0.110 0.130
v 3.874 13.618 2.537 0.084 0.090 0.104
v 3.854 13.623 2.438 0.312 0.287 0.256
v 3.854 13.622 -2.552 0.312 0.287 0.256
v 3.874 13.618 -2.589 0.100 0.110 0.130
v 1.467 10.838 3.873 0.350 0.322 0.287
v 1.455 12.581 3.888 0.326 0.300 0.268
v 0.507 11.224 3.873 0.520 0.280 0.160
v 0.484 11.246 3.885 0.520 0.280 0.160
v -3.977 9.409 0.911 0.311 0.279 0.243
v -3.972 10.915 0.908 0.084 0.090 0.104
v -3.982 10.921 0.914 0.084 0.090 0.104
v -3.355 11.782 3.887 0.337 0.310 0.277
v -3.354 13.268 3.871 0.317 0.291 0.260
v -3.354 13.284 3.897 0.317 0.291 0.260
v 3.287 13.144 -3.892 0.100 0.110 0.130
v -3.886 10.443 -0.076 0.100 0.110 0.130
v -3.895 10.425 -0.124 0.356 0.327 0.292
v 3.022 10.033 3.966 0.520 0.280 0.160
v 1.388 10.760 -3.926 0.295 0.265 0.230
v 1.383 10.760 -3.939 0.295 0.265 0.230
v 1.045 9.302 -3.892 0.371 0.342 0.305
v -3.897 9.839 1.449 0.364 0.335 0.299
v -3.895 11.355 1.456 0.100 0.110 0.130
v -1.430 12.005 -3.897 0.334 0.307 0.274
v -3.977 10.955 2.822 0.084 0.090 0.104
v 1.931 6.469 -1.933 0.410 0.378 0.337
v 1.929 10.556 -1.929 0.354 0.326 0.290
v 1.938 10.613 -1.954 0.100 0.110 0.130
v 1.938 6.518 -1.954 0.410 0.377 0.336
v -3.892 10.425 -0.756 0.356 0.327 0.292
v -3.895 11.549 1.696 0.286 0.257 0.223
v -3.874 9.912 -1.982 0.520 0.280 0.160
v -3.871 11.236 -1.977 0.520 0.280 0.160
v -3.978 9.813 -1.862 0.437 0.230 0.128
v -3.979 11.139 -1.863 0.520 0.280 0.160
v 0.137 11.482 3.977 0.341 0.314 0.280
v 0.138 13.173 3.978 0.100 0.110 0.130
v -3.978 9.495 1.018 0.369 0.339 0.302
v -3.978 11.004 1.018 0.100 0.110 0.130
v 2.384 10.448 3.872 0.100 0.110 0.130
v 2.383 11.903 3.890 0.282 0.253 0.220
v 2.658 11.652 -3.899 0.339 0.312 0.278
v -1.122 9.657 -3.926 0.367 0.337 0.301
v 0.648 9.656 -3.927 0.520 0.280 0.160
v 3.903 12.762 -0.346 0.084 0.090 0.104
v 3.897 12.766 3.560 0.323 0.298 0.265
v 1.092 9.463 -3.868 0.369 0.340 0.303
v 1.102 9.511 -3.874 0.369 0.339 0.302
v 2.833 11.554 3.894 0.520 0.280 0.160
v 2.860 11.539 3.900 0.437 0.230 0.128
v -3.901 11.338 1.435 0.100 0.110 0.130
v 3.702 13.323 -3.702 0.316 0.291 0.259
v -0.950 11.733 3.990 0.284 0.255 0.222
v -0.939 13.233 3.979 0.317 0.292 0.260
v -1.422 11.984 -3.880 0.334 0.308 0.274
v -0.484 8.984 -3.895 0.376 0.346 0.308
v -3.849 11.249 -1.991 0.345 0.317 0.283
v -3.859 11.231 -1.966 0.520 0.280 0.160
v 1.041 9.300 -3.905 0.371 0.342 0.305
v 1.049 9.319 -3.893 0.371 0.341 0.304
v -1.897 10.397 -3.855 0.100 0.110 0.130
v -1.898 12.566 -3.854 0.326 0.300 0.268
v -1.671 10.217 -3.926 0.359 0.330 0.294
v 0.292 10.217 -3.927 0.100 0.110 0.130
v -2.770 11.337 -3.926 0.343 0.316 0.281
v -0.755 11.337 -3.926 0.343 0.316 0.282
v 3.018 13.048 -3.854 0.437 0.230 0.128
v 2.542 9.927 -2.526 0.305 0.274 0.238
v 2.538 13.059 -2.538 0.320 0.294 0.262
v 0.848 9.317 -3.905 0.371 0.341 0.304
v 0.850 9.301 -3.893 0.372 0.342 0.305
v 0.282 9.922 2.538 0.363 0.334 0.298
v 0.309 11.645 2.549 0.100 0.110 0.130
v 0.289 11.632 2.529 0.100 0.110 0.130
v 1.947 10.970 2.534 0.100 0.110 0.130
v 1.931 10.992 2.549 0.100 0.110 0.130
v 1.435 12.590 3.888 0.326 0.300 0.268
v 1.086 12.700 3.858 0.325 0.299 0.266
v 0.994 12.736 3.858 0.324 0.298 0.266
v 0.969 12.737 3.849 0.324 0.298 0.266
v 0.987 12.859 3.973 0.322 0.296 0.264
v 0.969 12.885 3.991 0.322 0.296 0.264
v -0.286 8.212 -0.293 0.100 0.110 0.130
v -0.310 8.201 -0.310 0.100 0.110 0.130
v -0.299 8.236 -0.283 0.100 0.110 0.130
v 0.306 7.821 -0.299 0.329 0.296 0.257
v 0.310 7.802 -0.310 0.329 0.296 0.257
v 0.290 7.843 -0.291 0.084 0.090 0.104
v 0.309 8.763 0.309 0.379 0.349 0.311
v -0.291 9.119 0.289 0.100 0.110 0.130
v -0.306 9.147 0.301 0.100 0.110 0.130
v -0.309 9.162 0.309 0.373 0.344 0.306
v -1.938 10.177 0.286 0.359 0.331 0.295
v -1.951 10.202 0.297 0.359 0.330 0.295
v -1.929 10.210 0.311 0.359 0.330 0.294
v 0.308 11.002 1.933 0.100 0.110 0.130
v 0.290 11.028 1.951 0.100 0.110 0.130
v -0.293 11.268 1.956 0.520 0.280 0.160
v -0.282 11.249 1.942 0.520 0.280 0.160
v -0.309 11.249 1.931 0.520 0.280 0.160
v -0.290 11.865 2.529 0.100 0.110 0.130
v -0.309 11.893 2.548 0.100 0.110 0.130
v -1.202 11.660 3.882 0.339 0.312 0.278
v 2.698 11.661 3.894 0.339 0.312 0.278
v 3.832 12.439 -3.939 0.276 0.248 0.215
v 2.292 12.434 -3.942 0.084 0.090 0.104
v 1.343 10.532 -3.894 0.354 0.326 0.291
v 1.947 12.320 3.973 0.100 0.110 0.130
v -3.894 10.998 -1.625 0.100 0.110 0.130
v 1.070 9.408 -3.894 0.370 0.340 0.303
v 1.086 9.423 -3.858 0.370 0.340 0.303
v 1.111 9.515 -3.849 0.369 0.339 0.302
v 1.097 9.611 -3.963 0.367 0.338 0.301
v 1.112 9.622 -3.926 0.367 0.338 0.301
v 1.111 9.634 -3.939 0.367 0.338 0.301
v 1.114 9.671 -3.958 0.367 0.337 0.301
v 1.120 9.657 -3.926 0.367 0.337 0.301
v 1.253 10.208 -3.928 0.359 0.330 0.294
v 1.249 10.211 -3.942 0.359 0.330 0.294
v 1.248 10.178 -3.923 0.359 0.331 0.295
v 1.237 10.169 -3.948 0.359 0.331 0.295
v 1.931 10.088 -0.310 0.520 0.280 0.160
v 1.942 10.140 -0.288 0.520 0.280 0.160
v 1.954 10.210 -0.302 0.520 0.280 0.160
v 1.950 10.673 -1.944 0.353 0.324 0.289
v 1.954 11.257 -2.542 0.100 0.110 0.130
v 1.443 10.942 -3.892 0.349 0.321 0.286
v 1.477 11.087 -3.894 0.347 0.319 0.284
v 1.518 11.314 -3.939 0.344 0.316 0.282
v 1.509 11.289 -3.948 0.100 0.110 0.130
v 1.519 11.303 -3.926 0.100 0.110 0.130
v 1.388 10.791 -3.948 0.351 0.323 0.288
v 1.373 10.729 -3.948 0.100 0.110 0.130
v 1.339 10.515 -3.894 0.355 0.326 0.291
v 1.318 10.432 -3.894 0.356 0.327 0.292
v 1.108 9.683 -3.983 0.366 0.337 0.300
v 0.988 9.170 -3.972 0.373 0.343 0.306
v 0.991 9.044 -3.858 0.084 0.090 0.104
v -0.823 9.389 -3.978 0.370 0.341 0.304
v -0.822 11.442 -3.978 0.084 0.090 0.104
v -3.948 11.351 1.447 0.100 0.110 0.130
v -3.937 11.327 1.419 0.247 0.215 0.175
v -3.689 13.340 3.991 0.265 0.238 0.207
v -3.896 10.441 -0.782 0.356 0.327 0.292
v -3.968 10.171 1.854 0.359 0.331 0.295
v -3.978 11.688 1.862 0.339 0.312 0.278
v -1.100 11.662 3.891 0.205 0.174 0.138
v -0.842 11.655 3.900 0.244 0.212 0.172
v -3.973 11.671 3.707 0.100 0.110 0.130
v -3.991 11.658 3.689 0.100 0.110 0.130
v -3.978 13.160 3.702 0.318 0.293 0.261
v -1.892 12.578 -3.868 0.520 0.280 0.160
v -2.444 10.991 -3.907 0.100 0.110 0.130
v -0.430 10.992 -3.907 0.348 0.320 0.285
v 2.871 11.897 -3.926 0.282 0.253 0.220
v 1.852 11.907 -3.946 0.335 0.309 0.275
v 1.831 11.889 -3.927 0.336 0.309 0.275
v -3.966 9.179 -0.898 0.313 0.282 0.245
v -3.975 9.184 -0.910 0.373 0.343 0.306
v -3.977 10.510 -0.911 0.355 0.326 0.291
v -3.980 10.498 -0.893 0.355 0.326 0.291
v 3.017 9.936 3.854 0.520 0.280 0.160
v 3.012 11.391 3.868 0.437 0.230 0.128
v 3.017 11.375 3.854 0.437 0.230 0.128
v 2.889 11.598 3.991 0.520 0.280 0.160
v -3.894 10.869 -1.429 0.100 0.110 0.130
v 2.529 9.689 -1.944 0.366 0.337 0.300
v 2.551 9.800 -1.929 0.306 0.275 0.239
v 2.538 13.029 -1.942 0.269 0.241 0.210
v -3.978 9.395 0.894 0.370 0.341 0.304
v -3.978 10.904 0.894 0.100 0.110 0.130
v 3.701 12.385 -3.979 0.329 0.302 0.270
v 3.702 13.290 -3.977 0.316 0.291 0.259
v -0.533 11.088 -3.894 0.347 0.319 0.284
v -0.427 10.981 -3.894 0.348 0.320 0.286
v -2.529 10.638 2.529 0.353 0.325 0.289
v -2.533 12.153 2.535 0.279 0.251 0.218
v -0.934 9.499 -3.973 0.369 0.339 0.302
v -0.951 9.529 -3.991 0.368 0.339 0.302
v -0.937 11.559 -3.977 0.084 0.090 0.104
v 0.388 11.332 3.930 0.247 0.215 0.175
v 3.148 11.337 3.926 0.100 0.110 0.130
v 3.168 11.337 3.943 0.100 0.110 0.130
v -1.794 11.673 3.858 0.100 0.110 0.130
v -1.788 11.681 3.868 0.100 0.110 0.130
v -1.788 13.190 3.868 0.100 0.110 0.130
v -1.794 13.183 3.858 0.100 0.110 0.130
v -3.868 10.909 0.908 0.100 0.110 0.130
v -3.874 10.902 0.898 0.084 0.090 0.104
v -1.774 11.769 3.978 0.100 0.110 0.130
v -1.791 11.769 3.977 0.100 0.110 0.130
v -1.791 13.279 3.977 0.100 0.110 0.130
v -1.778 13.269 3.966 0.100 0.110 0.130
v 3.978 13.393 -3.978 0.315 0.290 0.258
v 3.906 13.022 3.287 0.084 0.090 0.104
v 0.506 9.864 -3.912 0.520 0.280 0.160
v -1.412 13.209 3.916 0.317 0.292 0.260
v -3.849 11.790 -2.809 0.337 0.310 0.276
v -3.874 11.791 -2.818 0.337 0.310 0.276
v -3.870 10.470 -2.824 0.100 0.110 0.130
v -3.977 10.525 -2.940 0.298 0.268 0.233
v -3.982 10.515 -2.926 0.298 0.268 0.233
v 1.086 10.977 3.858 0.100 0.110 0.130
v -1.794 10.295 -3.858 0.100 0.110 0.130
v -1.769 10.263 -3.849 0.100 0.110 0.130
v -1.769 12.379 -3.849 0.329 0.303 0.270
v -1.794 12.428 -3.858 0.328 0.302 0.269
v 2.542 9.758 -1.954 0.365 0.336 0.299
v -0.437 10.985 -3.887 0.251 0.218 0.177
v 2.500 11.304 -3.927 0.344 0.316 0.282
v -1.931 12.131 2.549 0.332 0.306 0.273
v -1.951 12.116 2.529 0.332 0.306 0.273
v 3.711 10.396 3.704 0.299 0.269 0.234
v 3.694 12.253 3.703 0.331 0.304 0.271
v 3.711 12.287 3.703 0.330 0.304 0.271
v 1.952 6.584 -1.942 0.409 0.376 0.335
v -3.923 10.738 -3.246 0.352 0.323 0.288
v -3.923 10.738 -1.240 0.100 0.110 0.130
v -1.770 11.666 3.851 0.100 0.110 0.130
v -1.769 13.175 3.849 0.100 0.110 0.130
v -1.778 13.195 3.874 0.100 0.110 0.130
v -1.778 11.686 3.874 0.100 0.110 0.130
v -2.533 8.693 0.293 0.380 0.349 0.311
v -2.533 10.338 0.293 0.357 0.329 0.293
v -3.702 13.161 3.702 0.318 0.293 0.261
v -3.849 11.785 1.991 0.337 0.310 0.276
v 0.283 9.298 1.941 0.372 0.342 0.305
v 0.293 9.308 1.955 0.371 0.342 0.305
v 0.834 9.320 -3.886 0.312 0.280 0.243
v 2.903 11.954 -3.871 0.335 0.308 0.275
v 2.889 13.000 -3.849 0.100 0.110 0.130
v 0.296 6.337 -2.529 0.413 0.380 0.338
v 0.311 8.717 -2.551 0.380 0.349 0.311
v 0.293 8.726 -2.533 0.380 0.349 0.311
v 0.023 11.520 3.969 0.286 0.257 0.224
v 0.018 13.178 3.976 0.100 0.110 0.130
v 0.009 10.504 -3.849 0.100 0.110 0.130
v -1.453 9.966 -3.886 0.304 0.273 0.238
v -1.453 12.025 -3.892 0.334 0.307 0.274
v 3.886 12.462 -3.923 0.328 0.302 0.269
v 3.919 12.471 -3.948 0.275 0.247 0.215
v 2.325 12.471 -3.948 0.328 0.301 0.269
v 1.444 6.904 -3.896 0.405 0.372 0.332
v -3.889 10.534 -0.921 0.354 0.326 0.291
v -3.894 10.515 -0.894 0.355 0.326 0.291
v 1.946 9.238 2.525 0.372 0.343 0.305
v -3.888 10.998 1.016 0.100 0.110 0.130
v 0.447 9.952 -3.907 0.520 0.280 0.160
v 0.428 9.965 -3.892 0.520 0.280 0.160
v -0.497 11.067 -3.916 0.347 0.319 0.285
v -0.311 9.033 -1.929 0.084 0.090 0.104
v -0.302 9.045 -1.954 0.084 0.090 0.104
v 0.286 6.367 -2.542 0.412 0.379 0.338
v -1.778 10.290 -3.874 0.100 0.110 0.130
v -1.788 10.295 -3.868 0.100 0.110 0.130
v -1.788 12.432 -3.868 0.328 0.302 0.269
v 3.185 12.203 -3.890 0.331 0.305 0.272
v 3.017 13.046 -3.871 0.437 0.230 0.128
v -3.894 12.723 -3.332 0.324 0.298 0.266
v -3.891 12.830 -3.365 0.323 0.297 0.265
v -3.898 11.314 3.271 0.100 0.110 0.130
v -3.894 12.836 3.286 0.520 0.280 0.160
v -1.938 8.297 0.286 0.385 0.355 0.316
v -1.951 8.324 0.297 0.385 0.354 0.316
v -0.291 10.142 2.529 0.360 0.331 0.295
v 1.429 6.848 -3.901 0.405 0.373 0.332
v 3.871 12.703 -2.937 0.324 0.299 0.266
v 3.871 13.501 -2.937 0.313 0.288 0.257
v 3.854 13.493 -2.938 0.313 0.288 0.257
v 3.868 13.628 2.486 0.312 0.287 0.256
v 3.868 13.628 -2.553 0.189 0.160 0.127
v 3.980 13.747 2.621 0.310 0.285 0.254
v 3.991 13.751 -2.343 0.187 0.159 0.126
v -2.391 10.919 -3.881 0.084 0.090 0.104
v -2.392 13.067 -3.880 0.100 0.110 0.130
v -2.533 8.408 -0.293 0.100 0.110 0.130
v -2.529 10.392 -0.297 0.356 0.328 0.292
v -2.542 10.382 -0.286 0.357 0.328 0.292
v 3.868 13.536 -2.828 0.313 0.288 0.257
v 3.978 12.523 -3.702 0.327 0.301 0.268
v 3.978 13.427 -3.702 0.314 0.289 0.258
v -2.551 10.397 -0.311 0.356 0.328 0.292
v 0.987 11.136 3.973 0.084 0.090 0.104
v -3.894 10.981 2.860 0.348 0.320 0.286
v -3.894 10.981 0.995 0.348 0.320 0.286
v -2.731 11.244 -3.850 0.345 0.317 0.283
v -2.729 13.404 -3.849 0.264 0.237 0.207
v -2.754 13.440 -3.858 0.314 0.289 0.258
v -2.754 11.274 -3.858 0.344 0.317 0.282
v 1.827 11.880 -3.939 0.336 0.309 0.275
v -3.890 11.565 1.716 0.286 0.257 0.223
v -3.849 13.751 -3.654 0.310 0.285 0.254
v 2.914 11.930 -3.982 0.282 0.253 0.220
v 1.089 6.634 -3.976 0.408 0.376 0.335
v -2.754 11.726 3.858 0.284 0.255 0.222
v -2.742 11.736 3.872 0.284 0.255 0.222
v -2.743 13.246 3.871 0.100 0.110 0.130
v -2.738 13.230 3.852 0.100 0.110 0.130
v 0.138 8.135 -3.978 0.387 0.356 0.318
v 0.138 10.464 -3.978 0.100 0.110 0.130
v -3.958 10.193 1.881 0.359 0.330 0.295
v 2.903 11.464 3.854 0.520 0.280 0.160
v 0.305 5.947 -0.296 0.100 0.110 0.130
v 0.291 5.963 -0.291 0.100 0.110 0.130
v 3.966 10.639 3.982 0.353 0.325 0.289
v 3.982 10.673 3.977 0.352 0.324 0.289
v 3.982 12.563 3.975 0.326 0.300 0.268
v -1.946 10.134 1.946 0.360 0.331 0.295
v -1.946 11.644 1.946 0.100 0.110 0.130
v 3.209 11.304 3.943 0.344 0.316 0.282
v 3.194 11.298 3.923 0.100 0.110 0.130
v 3.190 11.308 3.930 0.248 0.215 0.175
v 3.022 11.389 3.874 0.437 0.230 0.128
v 2.903 11.480 3.871 0.520 0.280 0.160
v 3.942 13.569 2.741 0.100 0.110 0.130
v 3.948 13.591 -2.768 0.312 0.287 0.256
v -1.954 9.518 -2.533 0.368 0.339 0.302
v -1.946 11.564 -2.534 0.340 0.313 0.279
v -3.973 9.887 -1.973 0.520 0.280 0.160
v -3.973 11.213 -1.974 0.520 0.280 0.160
v -0.475 13.148 3.905 0.318 0.293 0.261
v 2.539 8.587 1.957 0.084 0.090 0.104
v 2.549 8.651 1.931 0.100 0.110 0.130
v 2.544 11.424 1.943 0.100 0.110 0.130
v -0.309 10.170 2.548 0.100 0.110 0.130
v -0.743 11.337 -3.943 0.288 0.259 0.225
v -1.635 10.178 -3.923 0.359 0.331 0.295
v 0.337 10.169 -3.948 0.100 0.110 0.130
v 0.314 10.178 -3.923 0.100 0.110 0.130
v -0.300 6.356 -0.284 0.412 0.379 0.338
v -0.287 6.332 -0.294 0.412 0.379 0.338
v 0.096 10.442 -3.888 0.356 0.327 0.292
v -3.893 10.884 -1.452 0.100 0.110 0.130
v 1.943 6.055 -0.306 0.437 0.230 0.128
v 1.929 5.982 -0.311 0.437 0.230 0.128
v 1.954 6.114 -0.302 0.520 0.280 0.160
v -3.973 10.268 1.973 0.358 0.329 0.294
v -3.973 11.778 1.973 0.337 0.310 0.277
v 2.396 10.825 -3.889 0.350 0.322 0.287
v -2.404 11.722 3.877 0.284 0.255 0.222
v 1.430 10.901 -3.901 0.349 0.322 0.287
v -3.939 10.766 2.590 0.295 0.265 0.230
v -3.948 10.791 0.710 0.437 0.230 0.128
v -3.939 10.766 0.655 0.253 0.220 0.179
v 1.086 6.513 -3.858 0.344 0.309 0.269
v 2.101 9.657 -3.926 0.100 0.110 0.130
v -2.729 13.342 3.991 0.100 0.110 0.130
v -3.939 10.754 0.629 0.351 0.323 0.288
v -3.927 10.777 2.605 0.295 0.265 0.230
v -3.927 10.777 0.689 0.520 0.280 0.160
v -2.204 10.761 -3.927 0.084 0.090 0.104
v -0.189 10.761 -3.927 0.295 0.265 0.230
v 2.525 8.517 1.946 0.437 0.230 0.128
v 2.525 11.387 1.948 0.520 0.280 0.160
v 3.854 13.532 -2.823 0.313 0.288 0.257
v 3.871 13.736 -2.231 0.520 0.280 0.160
v 3.858 13.726 -2.248 0.437 0.230 0.128
v 3.849 13.751 -2.160 0.310 0.285 0.254
v -0.143 10.729 -3.948 0.295 0.265 0.231
v -1.101 9.646 -3.939 0.367 0.337 0.301
v 0.655 9.662 -3.942 0.520 0.280 0.160
v -3.891 10.525 -2.913 0.355 0.326 0.291
v -3.882 10.523 -0.901 0.355 0.326 0.291
v 3.858 13.726 2.210 0.310 0.286 0.254
v 3.849 13.751 2.108 0.310 0.285 0.254
v -1.898 11.675 3.854 0.084 0.090 0.104
v -1.898 13.185 3.854 0.084 0.090 0.104
v -1.062 11.650 3.880 0.285 0.256 0.222
v 0.150 13.068 3.850 0.100 0.110 0.130
v 0.131 13.076 3.857 0.100 0.110 0.130
v 0.138 13.087 3.872 0.100 0.110 0.130
v 0.135 11.371 3.870 0.343 0.315 0.281
v -0.291 7.242 0.291 0.400 0.368 0.328
v -2.195 10.761 -3.939 0.084 0.090 0.104
v -0.180 10.761 -3.939 0.295 0.265 0.231
v 2.838 11.858 -3.923 0.282 0.254 0.221
v 2.848 11.868 -3.930 0.282 0.253 0.220
v 1.805 11.858 -3.923 0.336 0.309 0.276
v -3.991 9.168 -0.889 0.314 0.282 0.245
v -1.773 10.359 -3.980 0.100 0.110 0.130
v -1.774 12.577 -3.978 0.274 0.246 0.214
v 0.454 11.313 3.937 0.520 0.280 0.160
v 0.542 11.289 3.948 0.289 0.260 0.226
v 0.983 11.032 3.871 0.100 0.110 0.130
v 0.034 8.171 -3.858 0.100 0.110 0.130
v 0.034 10.484 -3.858 0.100 0.110 0.130
v 0.994 6.657 -3.858 0.343 0.308 0.268
v 0.982 9.071 -3.872 0.084 0.090 0.104
v 1.804 11.849 -3.948 0.336 0.309 0.276
v 1.944 6.055 -0.290 0.437 0.230 0.128
v 1.945 12.215 3.855 0.100 0.110 0.130
v 2.318 10.526 -3.907 0.100 0.110 0.130
v 3.930 13.548 -2.873 0.225 0.196 0.159
v 3.930 13.548 2.739 0.225 0.196 0.159
v 3.263 9.799 3.916 0.365 0.335 0.299
v 3.263 11.244 3.916 0.100 0.110 0.130
v 3.874 11.392 2.818 0.343 0.315 0.281
v 3.943 13.017 3.374 0.100 0.110 0.130
v 3.991 11.610 2.809 0.520 0.280 0.160
v -1.769 13.289 3.991 0.100 0.110 0.130
v -3.939 10.760 -3.284 0.295 0.265 0.231
v -3.948 10.729 -1.234 0.100 0.110 0.130
v -3.939 10.761 -1.278 0.351 0.323 0.288
v 0.137 8.022 -3.871 0.100 0.110 0.130
v 3.939 12.994 -0.747 0.269 0.242 0.210
v 3.930 12.988 -0.772 0.269 0.242 0.210
v 3.939 12.994 3.391 0.320 0.295 0.263
v 0.034 11.528 3.982 0.341 0.313 0.279
v 0.034 13.182 3.982 0.100 0.110 0.130
v 2.908 13.005 -3.868 0.100 0.110 0.130
v 2.914 13.009 -3.858 0.520 0.280 0.160
v 0.419 9.980 -3.892 0.362 0.333 0.297
v 0.508 9.818 -3.871 0.520 0.280 0.160
v 3.882 12.773 3.520 0.323 0.298 0.265
v 2.542 9.264 -0.286 0.372 0.342 0.305
v 2.551 12.374 -0.311 0.329 0.303 0.270
v 2.536 12.338 -0.289 0.329 0.303 0.270
v -0.204 10.791 -3.948 0.351 0.323 0.288
v -3.889 8.845 -0.053 0.378 0.348 0.310
v -3.900 10.521 0.101 0.255 0.222 0.180
v 0.978 6.699 -3.874 0.342 0.307 0.267
v 0.969 9.067 -3.849 0.084 0.090 0.104
v -2.846 13.539 -3.858 0.263 0.236 0.205
v -3.871 9.835 -1.864 0.364 0.335 0.299
v -3.849 9.830 -1.849 0.364 0.335 0.299
v -3.853 11.162 -1.860 0.084 0.090 0.104
v -3.871 11.161 -1.864 0.084 0.090 0.104
v -0.310 7.283 0.310 0.399 0.367 0.327
v -3.980 10.441 -2.813 0.356 0.327 0.292
v -3.976 10.453 -2.831 0.356 0.327 0.292
v -3.978 11.773 -2.822 0.337 0.310 0.277
v -0.822 11.716 3.978 0.338 0.311 0.277
v -0.822 13.226 3.978 0.266 0.239 0.208
v -3.991 11.221 -1.991 0.520 0.280 0.160
v -3.849 10.521 -0.889 0.355 0.326 0.291
v -3.858 10.536 -0.914 0.354 0.326 0.291
v -3.855 10.604 -1.016 0.354 0.325 0.290
v -3.871 10.601 -1.016 0.353 0.325 0.290
v -3.932 10.785 -1.313 0.253 0.220 0.178
v -3.978 10.574 -1.008 0.354 0.326 0.290
v -3.980 10.586 -1.027 0.354 0.325 0.290
v -2.539 11.474 -1.937 0.341 0.314 0.280
v -2.518 11.476 -1.934 0.341 0.314 0.280
v -2.538 11.860 -2.522 0.100 0.110 0.130
v -3.868 11.798 -2.828 0.283 0.254 0.221
v -3.858 11.805 -2.834 0.283 0.254 0.221
v -3.855 11.872 -2.936 0.282 0.254 0.220
v -3.916 12.881 -3.377 0.322 0.296 0.264
v 1.929 12.349 3.991 0.084 0.090 0.104
v -0.822 13.126 3.854 0.319 0.293 0.261
v -0.818 13.142 3.874 0.318 0.293 0.261
v 2.057 10.599 3.871 0.354 0.325 0.290
v 2.070 12.112 3.850 0.100 0.110 0.130
v 2.058 12.141 3.872 0.100 0.110 0.130
v -3.871 9.488 1.016 0.369 0.339 0.303
v -3.855 10.996 1.015 0.100 0.110 0.130
v 2.234 10.206 -3.928 0.359 0.330 0.294
v 3.263 13.132 -3.916 0.520 0.280 0.160
v 3.026 12.064 -3.977 0.520 0.280 0.160
v -3.939 11.314 3.269 0.247 0.215 0.175
v -3.927 11.303 1.390 0.344 0.316 0.282
v -3.939 11.314 1.403 0.344 0.316 0.282
v -0.293 7.271 -2.533 0.399 0.368 0.328
v -0.293 9.650 -2.533 0.367 0.337 0.301
v 3.973 13.627 -2.692 0.100 0.110 0.130
v 3.973 13.627 2.742 0.262 0.235 0.204
v -1.088 9.624 -3.927 0.367 0.338 0.301
v 0.683 9.620 -3.944 0.520 0.280 0.160
v 0.669 9.624 -3.927 0.367 0.338 0.301
v 3.689 10.103 3.991 0.360 0.332 0.296
v 3.689 11.992 3.991 0.334 0.308 0.274
v 3.707 12.041 3.973 0.280 0.252 0.219
v -2.376 13.086 -3.915 0.100 0.110 0.130
v -3.871 8.888 0.057 0.377 0.347 0.309
v -3.854 10.492 0.058 0.100 0.110 0.130
v -3.858 8.841 -0.046 0.317 0.285 0.248
v -3.854 10.443 -0.058 0.100 0.110 0.130
v -2.534 11.676 1.946 0.100 0.110 0.130
v 2.537 9.072 0.289 0.100 0.110 0.130
v 2.533 12.090 0.293 0.333 0.306 0.273
v -0.290 9.538 1.950 0.520 0.280 0.160
v 2.522 11.037 2.538 0.100 0.110 0.130
v 2.046 10.590 3.858 0.354 0.325 0.290
v 2.046 12.139 3.858 0.100 0.110 0.130
v 2.529 9.861 -2.537 0.364 0.335 0.298
v -3.991 9.895 -1.991 0.363 0.334 0.298
v 0.294 9.903 2.525 0.363 0.334 0.298
v -2.518 9.667 -1.932 0.100 0.110 0.130
v 1.931 8.856 -3.853 0.378 0.347 0.310
v -1.640 10.194 -3.939 0.100 0.110 0.130
v -1.640 10.188 -3.930 0.100 0.110 0.130
v 0.313 10.188 -3.930 0.259 0.225 0.183
v 1.951 5.919 0.297 0.100 0.110 0.130
v 1.951 10.015 0.297 0.100 0.110 0.130
v 2.529 9.198 -0.297 0.373 0.343 0.306
v 2.526 12.324 -0.302 0.330 0.303 0.270
v -3.874 9.197 -0.898 0.373 0.343 0.306
v 0.036 10.516 -3.905 0.355 0.326 0.291
v 3.871 13.736 2.238 0.261 0.234 0.203
v -0.828 13.137 3.868 0.318 0.293 0.261
v 1.098 6.610 -3.968 0.409 0.376 0.335
v 1.111 6.615 -3.991 0.409 0.376 0.335
v 3.923 13.538 -2.892 0.313 0.288 0.257
v 3.948 13.529 2.800 0.437 0.230 0.128
v 3.923 13.538 2.735 0.100 0.110 0.130
v -3.973 11.045 2.933 0.100 0.110 0.130
v -3.991 11.060 2.951 0.100 0.110 0.130
v -3.978 12.558 2.938 0.100 0.110 0.130
v 3.858 12.732 -2.834 0.100 0.110 0.130
v 1.423 10.834 -3.871 0.350 0.322 0.287
v -0.938 13.132 3.854 0.319 0.293 0.261
v -0.697 11.291 -3.944 0.344 0.316 0.282
v 0.022 11.419 3.872 0.342 0.315 0.281
v 0.023 13.093 3.871 0.100 0.110 0.130
v -0.821 11.365 -3.871 0.343 0.315 0.281
v -2.849 11.827 3.976 0.337 0.310 0.276
v -2.852 13.334 3.973 0.100 0.110 0.130
v -2.846 13.340 3.982 0.100 0.110 0.130
v -1.952 11.147 -1.936 0.346 0.318 0.284
v -1.934 11.120 -1.925 0.346 0.319 0.284
v -1.938 9.842 -0.286 0.306 0.275 0.239
v -1.929 9.854 -0.311 0.306 0.274 0.239
v 0.302 8.094 -1.954 0.388 0.357 0.318
v -0.311 9.697 -2.551 0.366 0.337 0.300
v -3.849 12.447 2.809 0.084 0.090 0.104
v -3.858 12.468 2.834 0.100 0.110 0.130
v 1.946 8.382 1.955 0.100 0.110 0.130
v 1.947 10.261 1.955 0.100 0.110 0.130
v -0.949 11.639 3.874 0.339 0.312 0.278
v -1.040 11.655 3.887 0.205 0.174 0.138
v 3.871 11.337 2.937 0.520 0.280 0.160
v 3.991 13.609 2.801 0.520 0.280 0.160
v 3.991 13.609 -2.768 0.312 0.287 0.256
v -3.991 10.283 1.991 0.358 0.329 0.293
v -3.991 11.793 1.991 0.283 0.254 0.221
v -2.372 11.717 3.872 0.284 0.255 0.222
v -1.791 10.375 -3.976 0.520 0.280 0.160
v -1.788 12.588 -3.972 0.274 0.246 0.214
v -1.794 12.611 -3.982 0.437 0.230 0.128
v 3.973 10.894 3.707 0.100 0.110 0.130
v 3.973 12.782 3.707 0.323 0.298 0.265
v -1.899 11.777 3.979 0.100 0.110 0.130
v -1.899 13.286 3.979 0.100 0.110 0.130
v 0.023 10.574 -3.969 0.354 0.326 0.290
v 1.943 10.644 3.871 0.353 0.325 0.289
v -3.888 10.175 1.864 0.359 0.331 0.295
v -3.871 11.682 1.862 0.339 0.311 0.278
v 0.347 11.342 3.923 0.343 0.316 0.281
v -3.849 10.894 0.889 0.084 0.090 0.104
v -3.858 10.914 0.914 0.100 0.110 0.130
v 3.991 10.943 3.689 0.349 0.321 0.286
v 3.991 12.831 3.689 0.323 0.297 0.265
v -3.858 9.845 -1.874 0.364 0.335 0.298
v 2.526 9.005 0.302 0.100 0.110 0.130
v 2.551 9.138 0.311 0.100 0.110 0.130
v 2.551 12.115 0.311 0.333 0.306 0.273
v 2.228 10.178 -3.923 0.359 0.331 0.295
v -2.846 11.732 3.858 0.338 0.311 0.277
v -2.871 13.235 3.849 0.100 0.110 0.130
v -2.846 13.241 3.858 0.100 0.110 0.130
v -3.871 9.276 -1.017 0.372 0.342 0.305
v -2.551 10.354 0.311 0.357 0.328 0.293
v -2.730 11.719 3.851 0.284 0.255 0.222
v 0.310 6.884 0.310 0.405 0.372 0.332
v 2.093 9.623 -3.926 0.100 0.110 0.130
v -0.665 11.650 3.907 0.339 0.312 0.278
v -1.027 11.662 3.896 0.339 0.312 0.278
v 0.034 11.400 3.859 0.342 0.315 0.281
v 0.009 13.076 3.849 0.100 0.110 0.130
v 0.034 13.082 3.858 0.100 0.110 0.130
v -2.743 13.440 -3.871 0.314 0.289 0.258
v -3.948 11.289 1.371 0.289 0.260 0.226
v 3.871 11.049 3.308 0.100 0.110 0.130
v -0.937 13.146 3.871 0.318 0.293 0.261
v -3.858 9.211 -0.914 0.313 0.281 0.245
v -3.868 9.204 -0.908 0.313 0.281 0.245
v -3.858 10.182 1.874 0.359 0.331 0.295
v -3.849 10.161 1.849 0.360 0.331 0.295
v -3.854 11.681 1.862 0.339 0.312 0.278
v 1.935 5.835 0.294 0.084 0.090 0.104
v 1.929 9.893 0.311 0.305 0.274 0.238
v 1.939 9.955 0.286 0.100 0.110 0.130
v 3.854 13.230 2.937 0.437 0.230 0.128
v 3.923 13.022 -0.883 0.320 0.294 0.262
v 3.930 13.012 -0.831 0.231 0.200 0.163
v 3.930 13.012 3.350 0.320 0.295 0.263
v 2.428 11.851 3.871 0.336 0.309 0.276
v -1.897 11.689 3.871 0.100 0.110 0.130
v -1.897 13.199 3.871 0.084 0.090 0.104
v 2.898 10.047 3.874 0.437 0.230 0.128
v 2.908 10.034 3.868 0.437 0.230 0.128
v -3.938 10.198 -2.432 0.359 0.330 0.294
v 3.698 10.178 3.923 0.359 0.331 0.295
v 2.787 10.178 3.923 0.084 0.090 0.104
v 1.961 9.080 -3.926 0.374 0.344 0.307
v -0.570 9.111 -3.948 0.374 0.344 0.307
v -0.579 9.102 -3.923 0.374 0.344 0.307
v 2.051 9.369 -3.866 0.084 0.090 0.104
v 0.226 7.954 -3.939 0.100 0.110 0.130
v 1.694 7.977 -3.926 0.390 0.359 0.320
v 0.204 7.977 -3.927 0.390 0.359 0.320
v -0.144 8.526 -3.928 0.382 0.352 0.314
v 1.827 8.528 -3.928 0.382 0.352 0.314
v 1.554 7.400 -3.926 0.397 0.366 0.326
v 0.559 7.417 -3.927 0.397 0.366 0.326
v 1.278 6.297 -3.926 0.100 0.110 0.130
v 1.686 7.944 -3.927 0.390 0.359 0.320
v 1.378 6.610 -3.880 0.343 0.308 0.268
v 1.821 8.498 -3.923 0.383 0.352 0.314
v -3.939 9.634 1.193 0.264 0.230 0.187
v -3.930 9.628 1.185 0.264 0.230 0.187
v -3.926 9.623 -1.558 0.308 0.277 0.241
v -3.939 9.634 -1.580 0.308 0.277 0.241
v -3.928 9.087 -0.748 0.374 0.344 0.307
v 0.921 6.847 -3.928 0.406 0.373 0.333
v 0.936 6.818 -3.923 0.406 0.373 0.333
v 3.716 10.200 3.939 0.359 0.330 0.294
v 2.751 10.210 3.927 0.084 0.090 0.104
v 3.714 10.206 3.928 0.359 0.330 0.295
v -0.547 9.072 -3.928 0.315 0.283 0.246
v -3.889 8.843 -0.367 0.378 0.348 0.310
v -3.930 10.200 1.892 0.359 0.330 0.294
v 1.040 6.613 -3.884 0.343 0.308 0.268
v -3.927 9.657 1.221 0.367 0.337 0.301
v -3.926 9.657 -1.611 0.367 0.337 0.301
v -3.923 9.058 -0.704 0.375 0.345 0.307
v -3.923 9.058 0.431 0.375 0.345 0.307
v -0.534 9.069 -3.942 0.315 0.282 0.246
v -3.939 9.080 -0.741 0.374 0.345 0.307
v -0.362 8.846 -3.905 0.378 0.347 0.310
v 0.225 7.944 -3.927 0.100 0.110 0.130
v 0.580 7.383 -3.927 0.520 0.280 0.160
v -3.944 9.658 1.222 0.367 0.337 0.301
v -3.943 9.657 -1.615 0.366 0.337 0.300
v -3.948 10.169 -2.392 0.359 0.331 0.295
v -3.923 10.222 -2.464 0.100 0.110 0.130
v -0.130 8.498 -3.923 0.383 0.352 0.314
v -0.107 8.489 -3.948 0.383 0.352 0.314
v -3.948 9.049 0.395 0.375 0.345 0.307
v -3.923 10.222 1.919 0.359 0.330 0.294
v -3.923 9.618 1.174 0.367 0.338 0.301
v 2.387 10.768 -3.873 0.351 0.323 0.288
f 1 2 3
f 3 4 1
f 1 5 6
f 6 2 1
f 4 7 5
f 5 1 4
f 6 5 7
f 7 8 6
f 2 6 8
f 8 3 2
f 3 8 7
f 7 4 3
f 9 10 11
f 11 12 9
f 13 14 10
f 10 9 13
f 15 16 14
f 14 13 15
f 12 11 16
f 16 15 12
f 16 11 10
f 10 14 16
f 17 18 19
f 19 20 21
f 21 17 19
f 22 23 18
f 18 17 22
f 24 25 23
f 23 22 26
f 26 24 23
f 20 19 25
f 25 24 20
f 25 19 18
f 18 23 25
f 27 28 29
f 29 30 27
f 31 32 28
f 28 27 31
f 33 34 32
f 32 31 33
f 30 29 34
f 34 33 30
f 34 29 28
f 28 32 34
f 35 36 37
f 37 38 35
f 39 40 36
f 36 35 39
f 41 42 40
f 40 39 41
f 38 37 42
f 42 41 38
f 42 37 36
f 36 40 42
f 43 44 45
f 45 46 43
f 47 48 44
f 44 43 47
f 49 50 48
f 48 47 49
f 46 45 50
f 50 49 51
f 51 46 50
f 50 45 44
f 44 48 50
f 52 53 54
f 54 55 52
f 56 57 58
f 58 59 56
f 59 58 53
f 53 52 59
f 54 53 58
f 58 57 54
f 55 54 57
f 57 56 55
f 60 61 62
f 62 63 64
f 64 60 62
f 65 66 67
f 68 65 67
f 68 67 61
f 61 60 68
f 62 61 67
f 67 66 62
f 63 62 66
f 66 65 63
f 69 70 71
f 71 72 69
f 73 74 75
f 75 76 73
f 76 75 70
f 70 69 76
f 71 70 75
f 75 74 71
f 72 71 74
f 74 73 72
f 77 78 79
f 79 80 77
f 81 82 83
f 83 84 81
f 84 83 78
f 78 77 84
f 79 78 83
f 83 82 79
f 80 79 82
f 82 81 80
f 85 86 87
f 87 88 85
f 89 90 91
f 91 92 89
f 92 91 86
f 86 85 92
f 87 86 91
f 91 90 87
f 88 87 90
f 90 89 88
f 93 94 95
f 95 96 93
f 97 98 99
f 99 100 97
f 100 99 94
f 94 93 100
f 95 94 99
f 99 98 95
f 96 95 98
f 98 97 96
f 101 102 103
f 103 104 101
f 105 106 102
f 102 101 105
f 107 108 106
f 106 105 109
f 109 107 106
f 104 103 108
f 108 107 104
f 108 103 102
f 102 106 108
f 110 111 112
f 112 113 110
f 114 115 116
f 116 117 114
f 117 116 111
f 111 110 118
f 118 117 111
f 112 111 116
f 116 115 112
f 113 112 115
f 115 114 119
f 119 113 115
f 120 121 122
f 122 123 120
f 124 125 126
f 126 127 124
f 127 126 121
f 121 120 127
f 122 121 126
f 126 125 122
f 123 122 125
f 124 123 125
f 128 129 130
f 130 131 128
f 132 133 134
f 134 135 136
f 136 132 134
f 135 134 129
f 129 128 135
f 130 129 134
f 134 133 130
f 131 130 133
f 133 132 131
f 137 138 139
f 139 140 137
f 141 142 143
f 143 144 141
f 144 143 138
f 138 137 144
f 139 138 143
f 143 142 139
f 140 139 142
f 142 141 140
f 145 146 147
f 147 148 145
f 149 150 151
f 151 152 149
f 152 151 146
f 146 145 152
f 147 146 151
f 151 150 147
f 148 147 150
f 150 149 153
f 153 148 150
f 154 155 156
f 156 157 154
f 158 159 160
f 160 161 158
f 161 160 155
f 155 154 161
f 156 155 160
f 160 159 156
f 157 156 159
f 158 157 159
f 162 163 164
f 164 165 162
f 166 167 163
f 163 162 168
f 168 166 163
f 169 170 167
f 167 166 169
f 165 164 170
f 170 169 165
f 170 164 163
f 163 167 170
f 171 172 173
f 173 174 171
f 175 176 177
f 177 178 179
f 179 175 177
f 178 177 172
f 172 171 178
f 173 172 177
f 177 176 173
f 174 173 176
f 176 175 174
f 180 181 182
f 182 183 180
f 184 185 186
f 186 187 188
f 188 184 186
f 187 186 181
f 181 180 187
f 182 181 186
f 186 185 182
f 183 182 185
f 185 184 183
f 189 190 191
f 191 192 189
f 193 194 195
f 195 196 197
f 197 193 195
f 196 195 190
f 190 189 196
f 191 190 195
f 195 194 191
f 192 191 194
f 194 193 192
f 198 199 200
f 200 201 198
f 202 203 204
f 204 205 202
f 205 204 199
f 199 198 205
f 200 199 204
f 204 203 200
f 201 200 203
f 203 202 201
f 206 207 208
f 208 209 206
f 210 211 212
f 212 213 214
f 214 210 212
f 213 212 207
f 207 206 213
f 208 207 212
f 212 211 208
f 209 208 211
f 211 210 215
f 215 209 211
f 216 217 218
f 218 219 216
f 220 221 222
f 222 223 220
f 223 222 217
f 217 216 223
f 218 217 222
f 222 221 218
f 219 218 221
f 220 219 221
f 224 225 226
f 226 227 224
f 228 229 225
f 225 224 228
f 230 231 229
f 229 228 232
f 232 230 229
f 227 226 231
f 231 230 227
f 231 226 225
f 225 229 231
f 233 234 235
f 235 236 233
f 237 238 239
f 239 240 237
f 240 239 234
f 234 233 240
f 235 234 239
f 239 238 235
f 236 235 238
f 238 237 241
f 241 236 238
f 242 243 244
f 244 245 242
f 246 247 248
f 248 249 246
f 249 248 243
f 243 242 250
f 250 249 243
f 244 243 248
f 248 247 244
f 245 244 247
f 247 246 251
f 251 245 247
f 252 253 254
f 254 255 252
f 256 257 258
f 258 259 256
f 259 258 253
f 253 252 260
f 260 259 253
f 254 253 258
f 258 257 254
f 255 254 257
f 257 256 255
f 261 262 263
f 263 264 261
f 265 266 267
f 267 268 265
f 268 267 262
f 262 261 269
f 269 268 262
f 263 262 267
f 267 266 263
f 264 263 266
f 266 265 270
f 270 264 266
f 271 272 273
f 273 274 275
f 275 271 273
f 276 277 278
f 278 279 276
f 279 278 272
f 272 271 280
f 280 279 272
f 273 272 278
f 278 277 273
f 274 273 277
f 277 276 274
f 281 282 283
f 283 284 281
f 285 286 287
f 287 288 285
f 288 287 282
f 281 288 282
f 283 282 287
f 287 286 283
f 284 283 286
f 286 285 284
f 289 290 291
f 291 292 289
f 293 294 290
f 290 289 295
f 295 293 290
f 296 297 294
f 294 293 296
f 292 291 297
f 297 296 292
f 297 291 290
f 290 294 297
f 298 299 300
f 300 301 302
f 302 298 300
f 303 304 299
f 299 298 305
f 305 303 299
f 306 307 304
f 304 303 306
f 301 300 307
f 307 306 301
f 307 300 299
f 299 304 307
f 308 309 310
f 310 311 308
f 312 313 314
f 314 315 312
f 316 313 312
f 312 317 316
f 317 312 315
f 315 318 319
f 319 317 315
f 318 315 314
f 314 320 321
f 321 318 314
f 320 314 313
f 313 316 322
f 322 320 313
f 323 310 309
f 309 324 323
f 311 310 323
f 323 325 311
f 325 323 324
f 324 326 325
f 326 324 309
f 309 308 326
f 327 328 329
f 329 330 327
f 331 332 328
f 328 327 331
f 333 334 332
f 332 331 333
f 330 329 334
f 334 333 330
f 334 329 328
f 328 332 334
f 335 336 337
f 337 338 335
f 339 336 335
f 335 340 339
f 340 335 338
f 338 341 340
f 341 338 337
f 337 342 341
f 342 337 336
f 336 339 342
f 343 344 345
f 345 346 347
f 347 343 345
f 348 345 344
f 344 349 348
f 346 345 348
f 348 350 346
f 350 348 349
f 349 351 350
f 351 349 344
f 344 343 352
f 353 351 344
f 344 352 353
f 354 355 356
f 356 357 354
f 358 359 355
f 355 354 360
f 360 358 355
f 361 362 359
f 359 358 363
f 363 361 359
f 357 356 362
f 362 361 357
f 362 356 355
f 355 359 362
f 364 365 366
f 366 367 364
f 368 365 364
f 364 369 368
f 369 364 367
f 367 370 369
f 370 367 366
f 366 371 370
f 371 366 365
f 365 368 372
f 372 371 365
f 373 374 375
f 375 376 373
f 373 377 378
f 378 374 373
f 376 379 377
f 377 373 376
f 378 377 379
f 379 380 378
f 374 378 380
f 380 375 374
f 375 380 379
f 379 376 375
f 381 382 383
f 383 384 381
f 385 386 382
f 382 381 385
f 387 388 386
f 386 385 387
f 384 383 388
f 388 387 384
f 389 390 391
f 391 392 389
f 392 391 390
f 390 389 392
f 395 396 397
f 397 398 395
f 399 400 396
f 396 395 401
f 401 399 396
f 402 403 400
f 400 399 402
f 398 397 403
f 402 398 403
f 404 405 406
f 406 407 404
f 408 409 405
f 405 404 408
f 410 411 409
f 409 408 410
f 407 406 411
f 411 410 407
f 412 413 414
f 414 415 412
f 416 417 413
f 413 412 416
f 418 419 417
f 417 416 418
f 415 414 419
f 419 418 415
f 420 421 422
f 422 423 420
f 424 425 421
f 421 420 424
f 426 427 425
f 425 424 426
f 423 422 427
f 427 426 423
f 428 429 430
f 430 431 428
f 432 433 429
f 429 428 434
f 434 432 429
f 435 436 433
f 433 432 435
f 431 430 436
f 435 431 436
f 437 438 439
f 439 440 437
f 441 442 438
f 438 437 441
f 443 444 442
f 442 441 443
f 440 439 444
f 444 443 440
f 445 446 447
f 447 448 445
f 449 450 446
f 446 445 449
f 451 452 450
f 450 449 451
f 448 447 452
f 451 448 452
f 453 454 455
f 455 456 453
f 457 458 454
f 454 453 457
f 459 460 458
f 458 457 459
f 456 455 460
f 460 459 456
f 461 462 463
f 463 464 461
f 464 463 462
f 462 461 464
f 467 468 469
f 469 470 467
f 471 472 468
f 468 467 471
f 473 474 472
f 472 471 473
f 470 469 474
f 474 473 470
f 475 476 477
f 478 475 477
f 479 480 476
f 476 475 479
f 481 482 480
f 480 479 481
f 478 477 482
f 482 481 478
f 483 484 485
f 485 486 483
f 487 488 484
f 484 483 487
f 489 490 488
f 488 487 489
f 486 485 490
f 490 489 486
f 491 492 493
f 493 494 491
f 495 496 492
f 492 491 495
f 497 498 496
f 496 495 497
f 494 493 498
f 498 497 494
f 499 500 501
f 501 502 499
f 503 504 500
f 500 499 503
f 505 506 504
f 504 503 505
f 502 501 506
f 506 505 502
f 507 508 509
f 509 510 507
f 511 512 508
f 508 507 511
f 513 514 512
f 512 511 513
f 510 509 514
f 514 513 510
f 515 516 517
f 517 518 515
f 519 520 516
f 516 515 519
f 521 522 520
f 520 519 521
f 518 517 522
f 522 521 518
f 523 524 525
f 525 526 523
f 527 528 524
f 524 523 527
f 529 530 528
f 528 527 529
f 526 525 530
f 530 529 526
f 531 532 533
f 533 534 531
f 534 533 532
f 532 531 534
f 537 538 539
f 539 540 537
f 541 542 538
f 538 537 541
f 543 544 542
f 542 541 543
f 540 539 544
f 544 543 540
f 545 546 547
f 547 548 545
f 549 550 546
f 545 549 546
f 551 552 550
f 550 549 551
f 548 547 552
f 552 551 548
f 553 554 555
f 555 556 553
f 557 558 554
f 554 553 557
f 559 560 558
f 558 557 559
f 556 555 560
f 560 559 556
f 561 562 563
f 563 564 561
f 565 566 562
f 562 561 565
f 567 568 566
f 566 565 567
f 564 563 568
f 568 567 564
f 569 570 571
f 571 572 569
f 573 574 570
f 570 569 573
f 575 576 574
f 574 573 575
f 572 571 576
f 576 575 572
f 577 578 579
f 579 580 577
f 581 582 578
f 578 577 581
f 583 584 582
f 582 581 583
f 580 579 584
f 584 583 580
f 585 586 587
f 587 588 585
f 589 590 586
f 586 585 589
f 591 592 590
f 590 589 591
f 588 587 592
f 592 591 588
f 593 594 595
f 595 596 593
f 597 598 594
f 594 593 597
f 599 600 598
f 598 597 599
f 596 595 600
f 600 599 596
f 601 602 603
f 603 604 601
f 604 603 602
f 602 601 604
f 607 608 609
f 609 610 607
f 611 612 608
f 608 607 611
f 613 614 612
f 612 611 613
f 610 609 614
f 614 613 610
f 615 616 617
f 617 618 615
f 619 620 616
f 616 615 619
f 621 622 620
f 620 619 621
f 618 617 622
f 622 621 618
f 623 624 625
f 625 626 623
f 627 628 624
f 624 623 627
f 629 630 628
f 628 627 629
f 626 625 630
f 630 629 626
f 631 632 633
f 633 634 631
f 635 636 632
f 632 631 635
f 637 638 636
f 636 635 637
f 634 633 638
f 638 637 634
f 639 640 641
f 641 642 639
f 643 644 640
f 640 639 643
f 645 646 644
f 644 643 645
f 642 641 646
f 646 645 642
f 647 648 649
f 649 650 647
f 651 652 648
f 648 647 651
f 653 654 652
f 652 651 653
f 650 649 654
f 654 653 650
f 655 656 657
f 657 658 655
f 659 660 656
f 656 655 659
f 661 662 660
f 660 659 661
f 658 657 662
f 662 661 658
f 663 664 665
f 665 666 663
f 663 667 668
f 668 664 663
f 666 669 667
f 667 663 666
f 668 667 669
f 669 670 668
f 664 668 670
f 670 665 664
f 665 670 669
f 669 666 665
f 673 674 675
f 675 676 673
f 676 675 674
f 674 673 676
f 679 680 681
f 681 682 679
f 682 681 680
f 680 679 682
f 685 686 687
f 687 688 685
f 688 687 686
f 686 685 688
f 691 692 693
f 693 694 691
f 694 693 692
f 692 691 694
f 695 696 697
f 697 698 695
f 695 699 700
f 700 696 695
f 698 701 699
f 699 695 698
f 700 699 701
f 701 702 700
f 696 700 702
f 702 697 696
f 697 702 701
f 701 698 697
f 703 704 705
f 705 706 703
f 706 705 704
f 704 703 706
f 709 710 711
f 711 712 709
f 712 711 710
f 710 709 712
f 715 716 717
f 717 718 715
f 718 717 716
f 716 715 718
f 721 722 723
f 723 724 721
f 724 723 722
f 722 721 724
f 727 728 729
f 729 730 727
f 727 731 732
f 732 728 727
f 730 733 731
f 731 727 730
f 732 731 733
f 733 734 732
f 728 732 734
f 734 729 728
f 729 734 733
f 733 730 729
f 735 736 737
f 737 738 735
f 738 737 736
f 736 735 738
f 741 742 743
f 743 744 741
f 744 743 742
f 742 741 744
f 747 748 749
f 749 750 747
f 750 749 748
f 748 747 750
f 753 754 755
f 755 756 753
f 756 755 754
f 754 753 756
f 759 760 761
f 761 762 759
f 759 763 764
f 764 760 759
f 762 765 763
f 763 759 762
f 764 763 765
f 765 766 764
f 760 764 766
f 766 761 760
f 761 766 765
f 765 762 761
f 769 770 771
f 771 772 769
f 772 771 770
f 770 769 772
f 775 776 777
f 777 778 775
f 778 777 776
f 776 775 778
f 781 782 783
f 783 784 781
f 784 783 782
f 782 781 784
f 787 788 789
f 789 790 787
f 790 789 788
f 788 787 790
f 791 792 793
f 794 795 791
f 791 793 794
f 796 797 798
f 798 799 796
f 794 800 797
f 797 796 794
f 798 797 800
f 800 801 798
f 799 798 801
f 801 793 799
f 793 801 800
f 800 794 793
f 802 803 804
f 804 805 802
f 805 804 803
f 803 802 805
f 808 809 810
f 810 811 808
f 811 810 809
f 809 808 811
f 814 815 816
f 816 817 814
f 817 816 815
f 815 814 817
f 820 821 822
f 822 823 820
f 823 822 821
f 821 820 823
f 826 827 828
f 829 830 826
f 826 828 829
f 831 832 833
f 833 834 831
f 829 835 832
f 832 831 829
f 836 837 835
f 838 839 836
f 836 835 838
f 834 833 838
f 838 828 834
f 828 838 835
f 835 829 828
f 840 841 842
f 842 843 840
f 843 842 841
f 841 840 843
f 846 847 848
f 848 849 846
f 849 848 847
f 847 846 849
f 852 853 854
f 854 855 852
f 855 854 853
f 853 852 855
f 858 859 860
f 860 861 858
f 861 860 859
f 859 858 861
f 864 865 866
f 867 868 864
f 864 866 867
f 869 870 871
f 871 872 869
f 867 873 870
f 870 869 867
f 874 875 873
f 876 877 874
f 874 873 876
f 872 871 876
f 876 866 872
f 866 876 873
f 873 867 866
f 880 881 882
f 882 883 880
f 883 882 881
f 881 880 883
f 886 887 888
f 888 889 886
f 889 888 887
f 887 886 889
f 892 893 894
f 894 895 892
f 895 894 893
f 893 892 895
f 898 899 900
f 900 901 898
f 901 900 899
f 899 898 901
f 902 903 904
f 905 906 902
f 902 904 905
f 907 908 909
f 909 910 907
f 905 911 908
f 908 907 905
f 912 913 911
f 914 915 912
f 912 911 914
f 910 909 914
f 914 904 910
f 904 914 911
f 911 905 904
f 916 917 918
f 918 919 916
f 919 918 917
f 917 916 919
f 922 923 924
f 924 925 922
f 925 924 923
f 923 922 925
f 928 929 930
f 930 931 928
f 931 930 929
f 929 928 931
f 934 935 936
f 936 937 934
f 937 936 935
f 935 934 937
f 372 940 941
f 942 943 944
f 944 372 941
f 941 942 944
f 945 946 947
f 947 940 945
f 942 948 946
f 946 945 942
f 949 950 948
f 951 947 952
f 949 948 951
f 951 952 949
f 940 947 951
f 951 941 940
f 941 951 948
f 948 942 941
f 953 954 955
f 955 956 953
f 956 955 954
f 954 953 956
f 959 960 961
f 961 962 959
f 962 961 960
f 960 959 962
f 965 966 967
f 967 968 965
f 968 967 966
f 966 965 968
f 971 972 973
f 973 974 971
f 974 973 972
f 972 971 974
f 977 978 979
f 980 979 981
f 977 979 982
f 980 981 983
f 983 977 982
f 982 980 983
f 983 984 985
f 985 977 983
f 981 986 984
f 984 983 981
f 987 988 986
f 989 985 990
f 987 986 989
f 989 990 987
f 977 985 989
f 989 978 977
f 978 989 986
f 986 981 979
f 979 978 986
f 993 994 995
f 995 996 993
f 996 995 994
f 994 993 996
f 999 1000 1001
f 1001 1002 999
f 1002 1001 1000
f 1000 999 1002
f 1005 1006 1007
f 1007 1008 1005
f 1008 1007 1006
f 1006 1005 1008
f 1011 1012 1013
f 1013 1014 1011
f 1014 1013 1012
f 1012 1011 1014
f 1015 1016 1017
f 1018 1019 1020
f 1015 1017 1021
f 1018 1020 1022
f 1022 1015 1021
f 1021 1018 1022
f 1022 1023 1024
f 1024 1015 1022
f 1020 1025 1023
f 1023 1022 1020
f 1025 1026 1027
f 1028 1029 1030
f 1023 1025 1027
f 1028 1030 1024
f 1024 1023 1027
f 1027 1028 1024
f 1015 1024 1030
f 1030 1016 1015
f 1019 1026 1025
f 1025 1020 1019
f 1031 1032 1033
f 1033 1034 1031
f 1034 1033 1032
f 1032 1031 1034
f 1037 1038 1039
f 1039 1040 1037
f 1040 1039 1038
f 1038 1037 1040
f 1043 1044 1045
f 1045 1046 1043
f 1046 1045 1044
f 1044 1043 1046
f 1049 1050 1051
f 1051 1052 1049
f 1050 1049 1053
f 1052 1051 1050
f 1050 1053 1052
f 1057 275 1056
f 1057 1056 275
f 1059 1060 1061
f 1062 1063 1064
f 1065 1059 1061
f 1062 1064 1066
f 1065 1061 1067
f 1067 1062 1066
f 1066 1065 1067
f 1066 1068 1069
f 1069 1065 1066
f 1064 1070 1068
f 1068 1066 1064
f 1070 1071 1072
f 1073 1074 1075
f 1068 1070 1072
f 1073 1075 1069
f 1069 1068 1072
f 1072 1073 1069
f 1065 1069 1075
f 1075 1059 1065
f 1063 1071 1070
f 1070 1064 1063
f 1076 1077 1078
f 1078 1079 1076
f 1079 1078 1077
f 1077 1076 1079
f 1082 1083 1084
f 1084 1085 1082
f 1085 1084 1083
f 1083 1082 1085
f 1088 1089 1090
f 1090 1091 1088
f 1091 1090 1089
f 1089 1088 1091
f 1094 1095 1096
f 1096 1097 1094
f 1098 1096 1095
f 1095 1094 1098
f 1096 1098 1097
f 1102 1101 1103
f 1102 1103 1101
f 1105 1106 1107
f 1108 1109 1110
f 1105 1107 1111
f 1108 1110 1112
f 1112 1105 1111
f 1111 1108 1112
f 1112 1113 1114
f 1114 1105 1112
f 1110 1115 1113
f 1113 1112 1110
f 1115 1116 1117
f 1118 1119 1120
f 1113 1115 1117
f 1121 1118 1120
f 1114 1113 1117
f 1121 1120 1114
f 1114 1117 1121
f 1105 1114 1120
f 1120 1106 1105
f 1109 1116 1115
f 1115 1110 1109
f 1124 1125 1126
f 1126 1127 1124
f 1127 1126 1125
f 1125 1124 1127
f 1130 1131 1132
f 1132 1133 1130
f 1133 1132 1131
f 1131 1130 1133
f 1136 1137 1138
f 1138 1139 1136
f 1139 1138 1137
f 1137 1136 1139
f 1143 1144 1145
f 1145 1146 1143
f 1146 1145 1144
f 1144 1143 1146
f 1149 1150 1151
f 1152 1153 1154
f 1149 1151 1155
f 1152 1154 1156
f 1156 1149 1155
f 1155 1152 1156
f 1156 1157 1158
f 1158 1149 1156
f 1154 1159 1157
f 1157 1156 1154
f 1159 1160 1161
f 1162 1163 1164
f 1157 1159 1161
f 1162 1164 1158
f 1158 1157 1161
f 1161 1162 1158
f 1149 1158 1164
f 1164 1150 1149
f 1153 1160 1159
f 1159 1154 1153
f 1165 1166 1167
f 1167 1168 1165
f 1168 1167 1166
f 1166 1165 1168
f 1171 1172 1173
f 1173 1174 1171
f 1174 1173 1172
f 1172 1171 1174
f 1177 1178 1179
f 1179 1180 1177
f 1180 1179 1178
f 1178 1177 1180
f 1183 1184 1185
f 1185 1186 1183
f 1184 1183 1187
f 1186 1185 1184
f 1184 1187 1186
f 1191 1192 1190
f 1191 1190 1192
f 1194 1195 1196
f 1197 1198 1199
f 1199 1200 1194
f 1194 1196 1197
f 1197 1199 1194
f 1200 1201 1202
f 1202 1194 1200
f 1203 1204 1201
f 1201 1200 1199
f 1199 1203 1201
f 1205 1206 1207
f 1207 1208 1205
f 1194 1202 1209
f 1209 1195 1194
f 1210 1208 1207
f 1207 1211 1210
f 1212 1213 1214
f 1214 1215 1212
f 1215 1214 1213
f 1213 1212 1215
f 1218 1219 1220
f 1220 1221 1218
f 1221 1220 1219
f 1219 1218 1221
f 1225 1226 1224
f 1224 1227 1226
f 1226 1225 1224
f 1228 1229 1230
f 1230 1231 1228
f 1231 1230 1229
f 1229 1228 1231
f 1234 1235 1236
f 1236 1237 1234
f 1238 1236 1235
f 1235 1234 1238
f 1236 1238 1237
f 1242 1241 1243
f 1242 1243 1241
f 1245 1246 1247
f 1247 1248 1249
f 1249 1250 1251
f 1251 1252 1253
f 1245 1247 1249
f 1249 1251 1253
f 1253 1245 1249
f 1253 1254 1255
f 1255 1245 1253
f 1252 1256 1254
f 1254 1253 1252
f 1257 1258 1259
f 1259 1260 1257
f 1245 1255 1261
f 1261 1246 1245
f 1262 1260 1259
f 1259 1263 1262
f 1266 1267 1268
f 1268 1269 1266
f 1269 1268 1267
f 1267 1266 1269
f 1271 1272 1270
f 1271 1270 1272
f 1274 1275 1276
f 1276 1277 1274
f 1277 1276 1275
f 1275 1274 1277
f 1282 1283 1284
f 1284 1285 1282
f 1285 1284 1283
f 1283 1282 1285
f 1287 1288 1286
f 1287 1286 1288
f 1290 1291 1292
f 1292 1293 1290
f 1293 1292 1291
f 1291 1290 1293
f 1296 1297 1298
f 1298 1299 1300
f 1300 1296 1298
f 1296 1301 1302
f 1302 1297 1296
f 1303 1304 1305
f 1305 1306 1303
f 1307 1308 1309
f 1309 1310 1307
f 1297 1302 1311
f 1311 1298 1297
f 1312 1310 1309
f 1309 1313 1312
f 1314 1315 1316
f 1316 1317 1314
f 1317 1316 1315
f 1315 1314 1317
f 1320 1321 1322
f 1322 1323 1320
f 1324 1322 1321
f 1321 1320 1324
f 1322 1324 1323
f 1328 1329 1327
f 1328 1327 1329
f 1331 1332 1333
f 1333 1334 1331
f 1332 1331 1335
f 1336 1333 1332
f 1332 1335 1336
f 1333 1336 1334
f 1340 1339 1341
f 1340 1341 1339
f 643 1343 1344
f 1344 645 643
f 645 1344 1343
f 1343 643 645
f 1348 1349 1347
f 1348 1347 1349
f 1351 1352 1353
f 1353 1354 1351
f 1355 1356 1357
f 1357 1358 1355
f 1359 1360 1361
f 1361 1362 1359
f 1352 1363 1364
f 1364 1353 1352
f 1365 1362 1361
f 1361 1366 1365
f 1367 1368 1369
f 1369 1370 1367
f 1370 1369 1368
f 1368 1367 1370
f 1373 1374 1375
f 1375 1376 1373
f 1376 1375 1374
f 1374 1373 1376
f 1380 1381 1379
f 1380 1379 1381
f 1383 1384 1385
f 1385 537 1383
f 1384 1383 1386
f 1387 1385 1384
f 1384 1386 1387
f 1385 1387 537
f 1389 1390 1388
f 1389 1388 1390
f 1391 1392 1393
f 1393 1394 1391
f 1395 1393 1392
f 1392 1391 1395
f 1393 1395 1394
f 1399 1400 1398
f 1399 1398 1400
f 1402 1403 1404
f 1404 1405 1402
f 1406 1407 1408
f 1408 1409 1406
f 1403 1410 1411
f 1411 1404 1403
f 1413 1414 1412
f 1413 1412 1415
f 1413 1415 1414
f 1416 1417 1418
f 1418 1419 1416
f 1417 1416 1420
f 1421 1418 1417
f 1417 1420 1421
f 1418 1421 1419
f 1423 1424 1425
f 1425 1426 1423
f 1427 1425 1424
f 1424 1423 1427
f 1425 1427 1426
f 1431 1432 1430
f 1431 1430 1433
f 1431 1433 1430
f 1431 1430 1432
f 1434 1435 1436
f 1436 1437 1434
f 1435 1434 1438
f 1439 1436 1435
f 1435 1438 1439
f 1436 1439 1437
f 1443 1444 1445
f 1445 651 1443
f 651 1445 1444
f 1444 1443 651
f 1448 1449 1450
f 1450 1451 1452
f 1452 1448 1450
f 1453 1454 1455
f 1449 1456 1457
f 1457 1450 1449
f 1458 1459 1460
f 1460 1461 1458
f 1459 1458 399
f 402 1460 1459
f 1459 399 402
f 1460 402 1461
f 1463 1464 1462
f 1463 1462 1465
f 1463 1465 1466
f 1463 1466 1464
f 1468 1469 1470
f 1471 1468 1470
f 1469 1468 1472
f 1473 1470 1469
f 1469 1472 1473
f 1470 1473 1471
f 1475 1476 1474
f 1475 1474 1477
f 1475 1477 1474
f 1475 1474 1476
f 1483 1484 1481
f 1481 1482 1483
f 1481 1485 1486
f 1486 1482 1481
f 1487 1488 1489
f 1489 1490 1487
f 1488 1487 1491
f 1492 1489 1488
f 1488 1491 1492
f 1489 1492 1490
f 1494 1495 1493
f 1494 1493 1496
f 1494 1496 1497
f 1494 1497 1495
f 1501 1502 1503
f 1503 1504 1224
f 1224 1501 1503
f 1505 1502 1501
f 1501 1506 987
f 987 1507 1508
f 1505 1501 987
f 987 1508 1505
f 1509 1510 1505
f 1505 1508 1511
f 1511 434 1509
f 1509 1505 1511
f 1504 1503 1510
f 1510 1509 1512
f 1512 537 564
f 564 1504 1510
f 1510 1512 564
f 1338 1337 1513
f 1513 1514 1338
f 1515 1516 1345
f 1517 1518 1189
f 1519 1520 1273
f 942 945 940
f 940 372 943
f 943 942 940
f 834 828 827
f 830 829 831
f 831 834 827
f 827 830 831
f 1148 1147 1521
f 1521 1522 1148
f 1523 1524 1100
f 1377 1378 1525
f 1525 1526 1377
f 449 445 448
f 448 451 449
f 1528 1529 1527
f 877 876 871
f 871 870 873
f 875 877 871
f 871 873 875
f 1279 1278 1533
f 1533 1534 1279
f 1298 1311 1535
f 1535 1299 1298
f 1246 1261 1536
f 1536 1247 1246
f 1538 1454 1453
f 1539 1540 1541
f 1541 1542 1539
f 1337 1338 1514
f 1514 1513 1337
f 1240 1239 1544
f 1544 1545 1240
f 1355 1358 1548
f 1548 1549 1355
f 1365 1366 1550
f 1550 1551 1365
f 1054 1055 1554
f 1554 1555 1054
f 988 990 985
f 984 986 988
f 988 985 984
f 1556 1557 1528
f 1507 1480 1560
f 1313 1309 1308
f 1308 1561 1313
f 1346 1345 1516
f 1516 1537 1346
f 1366 1361 1360
f 1360 1550 1366
f 1189 1188 1564
f 1564 1517 1189
f 1498 1499 597
f 597 1559 1498
f 1540 1539 1565
f 1565 1541 1540
f 1450 1457 1566
f 1566 1451 1450
f 1396 1397 1567
f 1567 1568 1396
f 1406 1409 1569
f 1569 1570 1406
f 1571 250 1572
f 1574 1564 1188
f 1263 1259 1258
f 1258 1575 1263
f 1223 1222 1563
f 1563 1576 1223
f 910 904 903
f 906 905 907
f 907 910 903
f 903 906 907
f 1210 1211 1579
f 1579 1580 1210
f 1581 1582 1382
f 1583 1584 1585
f 1254 1256 1586
f 1586 1587 1588
f 1588 1589 1590
f 1590 1536 1261
f 1254 1586 1588
f 1588 1590 1261
f 1255 1254 1588
f 1588 1261 1255
f 1585 1591 1592
f 1592 1583 1585
f 1593 1544 1239
f 1446 1447 613
f 613 1558 1446
f 1595 1596 1289
f 1150 1164 1163
f 1163 1151 1150
f 333 331 327
f 327 330 333
f 1432 1430 1433
f 1433 1430 1432
f 165 169 166
f 162 165 166
f 202 205 198
f 198 201 202
f 1598 1539 1542
f 799 793 792
f 795 794 796
f 796 799 792
f 792 795 796
f 1478 1479 1600
f 1600 1597 1478
f 1099 1100 1524
f 1524 1601 1099
f 1358 1357 1602
f 1602 1548 1358
f 1262 1263 1575
f 1575 1603 1262
f 1604 1486 1485
f 1485 1605 1606
f 1606 1604 1485
f 1608 1554 1055
f 637 635 631
f 631 634 637
f 1234 1237 1238
f 256 259 1286
f 256 1286 1288
f 1288 255 256
f 1288 1286 259
f 252 255 1288
f 1288 259 252
f 1326 1325 1599
f 1599 1609 1326
f 1455 1538 1453
f 1566 1457 1456
f 1456 1610 1611
f 1611 1566 1456
f 1507 1560 1480
f 1211 1207 1206
f 1206 1579 1211
f 473 471 467
f 467 470 473
f 1613 1547 158
f 158 161 1613
f 1547 1613 161
f 157 158 1547
f 1547 161 154
f 154 157 1547
f 197 196 189
f 189 192 193
f 193 197 189
f 572 575 573
f 573 569 572
f 178 171 174
f 174 175 179
f 179 178 174
f 580 583 581
f 581 577 580
f 187 180 183
f 183 184 188
f 188 187 183
f 588 591 589
f 589 585 588
f 489 487 483
f 483 486 489
f 109 105 101
f 101 104 107
f 107 109 101
f 1147 1148 1522
f 1522 1521 1147
f 1239 1240 1615
f 1615 1593 1239
f 1227 1224 1226
f 1202 1201 1204
f 1204 1616 1617
f 1617 1618 1209
f 1202 1204 1617
f 1617 1209 1202
f 946 948 950
f 950 952 947
f 947 946 950
f 1562 1619 1142
f 1447 1446 1558
f 1558 613 1447
f 1499 1498 1559
f 1559 597 1499
f 1303 1306 1620
f 1620 1621 1622
f 1622 1303 1620
f 1312 1313 1561
f 1561 1623 1312
f 908 911 913
f 915 914 909
f 909 908 913
f 913 915 909
f 1545 1615 1240
f 1624 1612 1442
f 1055 1054 1555
f 1555 1608 1055
f 1625 1530 1500
f 1409 1408 1626
f 1626 1569 1409
f 1627 1607 1342
f 1516 1515 1537
f 346 350 351
f 352 343 347
f 347 346 351
f 353 352 347
f 347 351 353
f 264 270 1595
f 264 1595 1596
f 1596 261 264
f 1596 1595 270
f 270 1553 1614
f 1614 269 261
f 1596 270 1614
f 261 1596 1614
f 270 265 268
f 268 269 1614
f 1553 270 268
f 268 1614 1553
f 1517 1564 1574
f 1574 1518 1517
f 1607 1627 1342
f 1429 1428 1613
f 1613 1547 1429
f 1619 1562 1142
f 1428 1429 1547
f 1547 1613 1428
f 1568 1628 1396
f 1629 1630 1527
f 1527 1529 1629
f 872 866 865
f 868 867 869
f 869 872 865
f 865 868 869
f 1557 1629 1529
f 1529 1528 1557
f 1100 1099 1601
f 1601 1523 1100
f 1572 1631 1632
f 1632 1571 1572
f 1404 1411 1633
f 1633 1405 1404
f 1378 1377 1526
f 1526 1525 1378
f 1295 1294 1553
f 1553 1614 1295
f 1630 1556 1528
f 1528 1527 1630
f 1222 1223 1576
f 1576 1563 1222
f 1195 1209 1618
f 1618 1196 1195
f 1602 1357 1356
f 1634 1602 1356
f 1635 1364 1363
f 1363 1636 1635
f 1353 1364 1635
f 1635 1354 1353
f 1637 1305 1304
f 1304 1638 1639
f 1639 1637 1304
f 1311 1302 1301
f 1301 1640 1535
f 1535 1311 1301
f 1539 1598 1542
f 1542 1565 1539
f 1059 1075 1074
f 1074 1060 1059
f 1306 1305 1637
f 1637 1620 1306
f 1482 1486 1604
f 1520 1519 1273
f 1294 1295 1614
f 1614 1553 1294
f 1612 1624 1442
f 1626 1408 1407
f 1641 1626 1407
f 1633 1411 1410
f 1410 1642 1633
f 1631 1643 1632
f 1278 1279 1534
f 1534 1533 1278
f 1106 1120 1119
f 1119 1107 1106
f 1594 1578 1422
f 1591 1644 1592
f 1397 1396 1628
f 1628 1567 1397
f 1016 1030 1029
f 1016 1029 1017
f 1325 1326 1609
f 1609 1599 1325
f 1188 1189 1518
f 1518 1574 1188
f 1582 1581 1382
f 832 835 837
f 839 838 833
f 833 832 837
f 837 839 833
f 1345 1346 1537
f 1537 1515 1345
f 1596 1595 1289
f 1578 1594 1422
f 1479 1478 1597
f 1597 1600 1479
f 1530 1625 1500
f 1645 1646 1647
f 1646 1649 1648
f 1648 1647 1646
f 1650 1649 1648
f 1649 1652 1651
f 1651 1648 1649
f 1653 1652 1651
f 1652 1655 1654
f 1654 1651 1652
f 15 1655 1654
f 1655 1646 1647
f 1647 1654 1655
f 1652 1649 1648
f 1648 1651 1652
f 1649 1646 1647
f 1647 1648 1649
f 1646 1655 1654
f 1654 1647 1646
f 1655 1652 1651
f 1651 1654 1655
f 1657 1658 1656
f 1656 1659 1657
f 1660 1657 1659
f 1659 43 1660
f 43 1659 1657
f 1657 1660 43
f 1661 1657 1659
f 1661 1662 1663
f 1664 51 1665
f 1664 1665 51
f 1664 1656 1658
f 1658 1667 1666
f 1661 1659 1657
f 1659 1656 1658
f 1658 1657 1659
f 1664 1658 1656
f 1669 1671 1670
f 1673 1674 1675
f 1675 1676 1673
f 1674 1678 1677
f 1677 1675 1674
f 1675 1670 1671
f 1671 1681 1675
f 1671 1674 1681
f 1676 1675 1681
f 1681 1682 1676
f 1678 1674 1675
f 1675 1677 1678
f 1674 1671 1670
f 1670 1675 1674
f 1669 1670 1671
f 1669 1678 1677
f 1683 1678 1677
f 1677 1684 1683
f 1669 1677 1678
f 1689 1690 1688
f 1691 1692 1689
f 1689 1693 1691
f 1689 1694 1693
f 1695 1691 1693
f 1693 1696 1695
f 1697 1698 1699
f 1699 1700 1697
f 1701 1699 1698
f 1703 1694 1704
f 1704 1705 1703
f 1699 1691 1704
f 1704 1698 1699
f 1698 1704 1694
f 1700 1699 1698
f 1698 1697 1700
f 1701 1698 1699
f 1698 1694 1691
f 1691 1699 1698
f 1694 1689 1692
f 1692 1691 1694
f 1701 1692 1689
f 1701 1702 1706
f 1701 1689 1692
f 1692 1708 1707
f 1709 1710 1711
f 1711 1449 1709
f 1710 1713 1712
f 1712 1711 1710
f 1715 1716 1717
f 1717 1718 1715
f 1719 1717 1716
f 77 1713 1721
f 1721 1722 77
f 1717 1712 1721
f 1721 1716 1717
f 1716 1721 1713
f 1718 1717 1716
f 1716 1715 1718
f 1719 1716 1717
f 1716 1713 1712
f 1712 1717 1716
f 1713 1710 1711
f 1711 1712 1713
f 1719 1711 1710
f 1719 1720 1723
f 1719 1710 1711
f 1711 1724 1449
f 1726 1727 1725
f 1726 1729 1728
f 92 1731 1732
f 1732 1733 92
f 1734 1735 1732
f 1732 1736 1734
f 1736 1732 1731
f 1737 1734 1736
f 1736 1738 1737
f 1735 1728 1729
f 1729 1739 1735
f 1729 1731 1739
f 1490 1735 1739
f 1739 1740 1490
f 1736 1731 1735
f 1735 1734 1736
f 1731 1729 1728
f 1728 1735 1731
f 1726 1728 1729
f 1726 1736 1734
f 1741 1736 1734
f 1734 1737 1741
f 1726 1734 1736
f 1726 1725 1727
f 1743 1744 249
f 249 1742 1743
f 1743 1746 1747
f 1747 1745 1743
f 1748 1747 1746
f 1746 1749 1748
f 1750 1746 1747
f 1749 1746 1747
f 1747 1748 1749
f 1752 1753 1754
f 1753 1755 1751
f 1751 1754 1753
f 1757 1646 1756
f 1756 1758 1759
f 1759 1757 1756
f 1760 1646 1756
f 1646 1753 1754
f 1754 1756 1646
f 1646 1757 1758
f 1758 1756 1646
f 1757 1755 1751
f 1751 1758 1757
f 1755 1753 1754
f 1754 1751 1755
f 1753 1646 1756
f 1756 1754 1753
f 1758 1751 1762
f 1762 1761 1758
f 1755 1757 1761
f 1761 1762 1755
f 1765 1766 1767
f 1767 1768 1765
f 1766 1769 1764
f 1764 1767 1766
f 1772 1652 1773
f 1773 1774 1772
f 1652 1775 1771
f 1771 1773 1652
f 1768 1767 1776
f 1776 1777 1768
f 1778 1775 1779
f 1779 1780 1778
f 1767 1771 1779
f 1779 1776 1767
f 1775 1766 1776
f 1776 1779 1775
f 1775 1652 1773
f 1773 1771 1775
f 1652 1769 1764
f 1764 1773 1652
f 1769 1766 1767
f 1767 1764 1769
f 1766 1775 1771
f 1771 1767 1766
f 1763 1769 1764
f 1769 1652 1773
f 1773 1764 1769
f 1782 1462 402
f 401 1783 1782
f 1782 402 401
f 1784 1783 1782
f 1782 402 1784
f 1782 1462 402
f 1782 402 1462
f 1785 1786 1787
f 1787 1788 1785
f 1788 1787 1786
f 1786 1785 1788
f 1787 1789 1788
f 1789 1787 1786
f 1786 410 1789
f 410 1786 1787
f 1787 1789 410
f 1786 1785 410
f 1786 410 1785
f 1790 1791 1792
f 1792 1793 1790
f 1792 1794 1793
f 1792 1793 1794
f 418 1791 1792
f 1792 1793 418
f 1796 426 1795
f 1796 1795 426
f 1796 1795 426
f 1799 432 434
f 435 1798 1799
f 1799 434 435
f 432 1799 1798
f 435 432 1798
f 435 1797 1798
f 1798 1797 435
f 443 1800 1801
f 1801 441 443
f 441 1801 1800
f 1800 443 441
f 1803 1804 1805
f 1805 1806 1803
f 1805 1808 1807
f 1810 1804 1809
f 1806 1805 1809
f 1809 1811 1806
f 1602 1810 1809
f 1809 1811 1812
f 1812 1602 1809
f 1813 1810 1805
f 1805 1807 1813
f 1352 1804 1363
f 1363 1815 1352
f 1804 1810 1363
f 1807 1805 1363
f 1363 1815 1807
f 1386 1816 1817
f 1817 1387 1386
f 1819 1818 1817
f 1818 1386 1383
f 1387 1819 1818
f 1820 1387 1818
f 537 1819 1818
f 1818 1383 1820
f 1820 537 1818
f 1816 1817 1818
f 1383 1818 1817
f 537 1383 1817
f 1383 1816 1818
f 1818 1386 1383
f 1816 1817 1818
f 1819 1818 1817
f 1388 1821 1822
f 1388 1821 1822
f 1390 1821 1822
f 1822 1388 1390
f 1388 1821 1822
f 1571 1823 1824
f 1824 1825 1571
f 1827 1828 1829
f 1829 1830 1827
f 1829 1832 1833
f 1833 1834 1829
f 1835 1828 1834
f 1834 1833 1835
f 1830 1829 1834
f 1834 1836 1830
f 1837 1835 1833
f 1838 1823 1839
f 1840 1824 1839
f 1839 1841 1840
f 1823 1842 1841
f 1841 1839 1823
f 1843 1840 1841
f 1841 1844 1843
f 1410 1835 1832
f 1832 1845 1410
f 1847 1842 1840
f 1840 1843 1847
f 1403 1828 1848
f 1832 1829 1848
f 1848 1849 1832
f 1828 1835 1849
f 1849 1848 1828
f 1845 1832 1849
f 1849 1850 1845
f 1824 1840 1851
f 1851 1852 1824
f 1842 1823 1852
f 1852 1851 1842
f 1853 1824 1852
f 1852 1854 1853
f 1855 1842 1851
f 1851 1856 1855
f 1414 1857 1858
f 1858 1415 1414
f 1415 1857 1858
f 1858 1414 1415
f 1858 1415 1414
f 1414 1857 1858
f 1858 1414 1415
f 1414 1857 1858
f 1858 1415 1414
f 1420 1859 1860
f 1860 1419 1420
f 1862 1861 1860
f 1419 1862 1861
f 1861 1420 1419
f 1419 1862 1861
f 1861 1420 1419
f 1859 1860 1861
f 1416 1859 1861
f 1861 1420 1416
f 1419 1860 1861
f 1861 1416 1419
f 1859 1860 1861
f 1862 1861 1860
f 1863 1865 1864
f 1863 1865 1864
f 1864 1866 1863
f 1866 1865 1864
f 1864 1863 1866
f 1863 1865 1864
f 1430 1867 1868
f 1868 1869 1430
f 1430 1867 1868
f 1868 1869 1430
f 1869 1867 1868
f 1868 1430 1869
f 1868 1869 1430
f 1430 1867 1868
f 1438 1870 1871
f 1871 1439 1438
f 1873 1872 1871
f 1872 1438 1434
f 1439 1873 1872
f 1872 1874 1439
f 1872 1434 1438
f 1437 1873 1872
f 1872 1434 1437
f 1870 1871 1872
f 1871 1437 1439
f 1434 1870 1872
f 1872 1438 1434
f 1439 1871 1872
f 1872 1434 1439
f 1870 1871 1872
f 1873 1872 1871
f 1875 1876 1877
f 1877 1878 1875
f 1877 1880 1879
f 1881 1454 1882
f 1882 1883 1881
f 1885 1886 1887
f 1887 1888 1885
f 1887 1890 1889
f 1892 1886 1891
f 1888 1887 1891
f 1891 1885 1888
f 1893 1454 1894
f 1894 1895 1893
f 1896 1882 1894
f 1894 1895 1896
f 1897 1892 1891
f 1891 1885 1897
f 1453 1454 1898
f 1883 1882 1898
f 1898 1899 1883
f 1900 1876 1901
f 1901 1902 1900
f 1876 1903 1901
f 1879 1877 1901
f 1901 1902 1879
f 1455 1453 1898
f 1898 1899 1904
f 1904 1455 1898
f 1905 1877 1906
f 1906 1907 1905
f 1908 1892 1909
f 1909 1910 1908
f 1888 1887 1909
f 1909 1911 1888
f 1912 1453 1504
f 1504 1913 1914
f 1914 1912 1504
f 1915 1882 1504
f 1504 1916 1915
f 1917 1903 1906
f 1906 1918 1917
f 1919 1886 1920
f 1920 1449 1919
f 1886 1892 1920
f 1921 1887 1920
f 1920 1449 1921
f 1903 1876 1922
f 1905 1877 1922
f 1922 1875 1905
f 1923 1903 1922
f 1922 1875 1923
f 1924 1925 1926
f 1926 1784 1924
f 1928 1927 1926
f 1929 1926 1927
f 1927 1924 1929
f 1784 1928 1926
f 1926 1929 1784
f 1926 1784 1461
f 1461 1928 1927
f 1927 1930 1461
f 1925 1926 1927
f 1926 1461 1784
f 1930 1925 1926
f 1926 1784 1930
f 1926 1929 1461
f 1925 1926 1927
f 1928 1927 1926
f 1465 1931 1932
f 1466 1931 1932
f 1932 1464 1465
f 1465 1466 1932
f 1464 1931 1932
f 1462 1931 1932
f 1932 1465 1464
f 1464 1462 1932
f 1934 1935 1933
f 1936 1937 1938
f 1938 1939 1936
f 1577 1940 1938
f 1939 1938 1940
f 1940 1936 1939
f 1935 1941 1942
f 1942 1943 1935
f 1944 1934 1942
f 1939 1577 1938
f 1933 1941 1934
f 1933 1934 1942
f 1942 1943 1933
f 1940 1936 1939
f 1939 1577 1940
f 1937 1938 1940
f 1943 1944 1934
f 1934 1933 1943
f 1941 1942 1934
f 1936 1937 1938
f 1938 1939 1936
f 1943 1944 1934
f 1934 1933 1943
f 1944 1934 1942
f 1941 1942 1934
f 1937 1938 1940
f 1577 1940 1938
f 1946 1947 1945
f 1947 1948 1946
f 1946 1945 1947
f 1947 1948 1946
f 1946 1945 1947
f 1945 1948 1946
f 1946 1947 1945
f 1946 1945 1947
f 1945 1948 1946
f 1949 1950 1951
f 1951 1952 1949
f 1954 1953 1951
f 1955 1951 1953
f 1953 1949 1955
f 1952 1954 1951
f 1951 1955 1952
f 1951 1952 1955
f 1955 1954 1953
f 1953 1949 1955
f 1950 1951 1953
f 1949 1950 1951
f 1951 1952 1949
f 1950 1951 1953
f 1954 1953 1951
f 1956 1957 1958
f 1956 1957 1958
f 1956 1957 1958
f 1956 1957 1958
f 1959 1961 1962
f 1962 1963 1959
f 1964 1960 1962
f 1959 1961 1960
f 1959 1960 1962
f 1962 1963 1959
f 1963 1964 1960
f 1960 1959 1963
f 1961 1962 1960
f 1963 1964 1960
f 1960 1959 1963
f 1964 1960 1962
f 1961 1962 1960
f 1966 1967 1965
f 1967 1968 1966
f 1966 1965 1967
f 1965 1968 1966
f 1965 1968 1966
f 1965 1968 1966
f 1969 1970 1971
f 1971 1972 1969
f 1974 1975 1976
f 1976 1977 1974
f 1976 1979 1978
f 1980 1981 1982
f 1982 1794 418
f 1984 1981 1983
f 1985 1975 1986
f 1986 1987 1985
f 1975 1988 1986
f 1978 1976 1986
f 1986 1987 1978
f 1988 1975 1989
f 1977 1976 1989
f 1989 1990 1977
f 1991 1970 1992
f 1992 1993 1991
f 1970 1994 1992
f 1973 1971 1992
f 1992 1993 1973
f 1995 1988 1989
f 1996 1984 1982
f 1982 418 1996
f 1997 1988 1976
f 1976 1978 1997
f 1993 1994 1971
f 1971 1973 1993
f 1481 1981 1999
f 1999 2000 1481
f 1981 1984 1999
f 2001 1982 1999
f 2000 2001 1999
f 1994 1970 2002
f 1972 1971 2002
f 2002 2003 1972
f 2004 1994 2002
f 2005 2006 2007
f 2007 1730 2005
f 2009 2008 2007
f 2008 2005 2010
f 1730 2009 2008
f 2008 2010 1730
f 2008 1491 2005
f 1490 2009 2008
f 2008 2010 1490
f 2006 2007 2008
f 1491 2008 2007
f 2007 1490 1491
f 2010 2006 2008
f 2008 1491 2010
f 2008 2010 2005
f 2006 2007 2008
f 2009 2008 2007
f 1496 2011 2012
f 1497 2011 2012
f 2012 1495 1497
f 1495 2011 2012
f 1493 2011 2012
f 2012 1496 1493
f 2012 1493 1495
f 2013 2014 2015
f 2015 2016 2013
f 2017 2018 2019
f 2019 2020 2017
f 2022 2021 2019
f 2021 2017 2023
f 2016 2024 2014
f 2014 2013 2016
f 2025 2015 2014
f 2020 2022 2021
f 2021 2023 2020
f 2016 2024 2014
f 2014 2013 2016
f 2020 2022 2021
f 2021 2017 2020
f 2018 2019 2021
f 2023 2021 2019
f 2019 2020 2023
f 2013 2025 2015
f 2015 2016 2013
f 2024 2014 2015
f 2017 2018 2021
f 2021 2023 2017
f 2013 2025 2014
f 2025 2015 2014
f 2024 2014 2015
f 2018 2019 2021
f 2022 2021 2019
f 2028 2029 2030
f 2030 2031 2028
f 2026 2032 2027
f 2031 2029 2030
f 2030 2028 2031
f 2026 2032 2027
f 2031 2029 2030
f 2030 2028 2031
f 2026 2032 2027
f 2028 2029 2030
f 2030 2028 2031
f 2026 2032 2027
f 2033 2034 2035
f 2035 2036 2033
f 2036 2037 2034
f 2034 2038 2036
f 2039 2035 2034
f 2036 2037 2034
f 2034 2033 2036
f 2034 2033 2038
f 2033 2039 2035
f 2035 2036 2033
f 2037 2034 2035
f 2034 2038 2033
f 2038 2039 2034
f 2034 2033 2038
f 2039 2035 2034
f 2037 2034 2035
f 2040 2042 2041
f 2041 2043 2040
f 2040 2042 2041
f 2041 2043 2040
f 2040 2042 2041
f 2041 2043 2040
f 2043 2042 2041
f 2041 2040 2043
f 2044 2045 2046
f 2046 2047 2044
f 2048 2049 2045
f 2045 2044 2048
f 2050 2046 2045
f 2047 2049 2045
f 2045 2044 2047
f 2044 2050 2046
f 2046 2047 2044
f 2049 2045 2046
f 2044 2050 2045
f 2050 2046 2045
f 2049 2045 2046
f 2053 2054 2052
f 2052 2051 2053
f 2051 2054 2052
f 2051 2054 2052
f 2051 2054 2052
f 2057 2058 2059
f 2059 2060 2057
f 2062 2063 2064
f 2064 2065 2062
f 2067 2068 2056
f 2056 2069 2067
f 2070 2063 2071
f 2071 2072 2070
f 2073 2064 2071
f 2071 2074 2073
f 2063 2075 2074
f 2074 2071 2063
f 2076 2073 2074
f 2077 2076 2074
f 2064 2073 2078
f 2078 2079 2064
f 2075 2063 2079
f 2079 2078 2075
f 2065 2064 2079
f 2079 2062 2065
f 2080 2058 2081
f 2082 2059 2081
f 2081 2083 2082
f 2058 2084 2083
f 2083 2081 2058
f 2085 2082 2083
f 2083 2086 2085
f 2087 2075 2078
f 2078 2088 2087
f 2090 2091 2092
f 2092 2093 2090
f 2095 2075 2073
f 2073 2076 2095
f 2073 2097 2096
f 2086 2084 2082
f 2082 2085 2086
f 2056 2092 2098
f 2098 2099 2056
f 2091 2068 2099
f 2099 2098 2091
f 2069 2056 2099
f 2099 2100 2067
f 2067 2069 2099
f 2101 2091 2098
f 2098 2102 2101
f 2059 2082 2103
f 2103 2104 2059
f 2084 2058 2104
f 2104 2103 2084
f 2105 2059 2104
f 2104 2057 2105
f 2106 2068 2107
f 2107 2108 2106
f 2092 2056 2107
f 2107 2109 2092
f 2068 2091 2109
f 2109 2107 2068
f 2110 2092 2109
f 2109 2111 2110
f 2112 2084 2103
f 2103 2113 2112
f 2114 1542 1565
f 1542 2115 2114
f 2114 1565 1542
f 1542 2115 2114
f 1565 2115 2114
f 2114 1542 1565
f 2114 1565 1542
f 1565 2115 2114
f 1557 2117 2118
f 2118 2119 1557
f 2121 2120 2118
f 1527 2123 2124
f 2124 1528 1527
f 2125 2116 2124
f 1527 2123 2124
f 2124 2126 1527
f 2118 2121 2120
f 1528 2125 2116
f 2116 1527 1528
f 2123 2124 2116
f 1527 2116 2124
f 2124 2126 1527
f 2120 1557 1556
f 1528 2125 2124
f 2125 2116 2124
f 2123 2124 2116
f 2117 2118 2120
f 2120 2118 2117
f 2129 2130 2131
f 2131 2132 2129
f 2127 2133 2128
f 2132 2130 2131
f 2131 2129 2132
f 2127 2133 2128
f 2132 2130 2131
f 2131 2129 2132
f 2131 2132 2129
f 2127 2133 2128
f 2129 2130 2131
f 2127 2133 2128
f 2136 2137 2138
f 2138 2139 2136
f 2141 2140 2138
f 2134 2142 2143
f 2143 2144 2134
f 2145 2135 2143
f 2139 2141 2140
f 2140 2136 2139
f 2134 2142 2143
f 2143 2144 2134
f 2139 2141 2140
f 2140 2136 2139
f 2137 2138 2140
f 2144 2145 2135
f 2135 2134 2144
f 2142 2143 2135
f 2134 2135 2143
f 2143 2144 2134
f 2136 2137 2140
f 2139 2138 2140
f 2140 2136 2139
f 2144 2145 2143
f 2145 2135 2143
f 2142 2143 2135
f 2137 2138 2140
f 2141 2140 2138
f 2146 2148 2147
f 2147 2149 2146
f 2147 2150 2146
f 2150 2148 2147
f 2147 2146 2150
f 2147 2146 2149
f 2146 2148 2147
f 2147 2150 2146
f 2147 2149 2146
f 2149 2148 2147
f 2147 2146 2149
f 2151 2153 2154
f 2154 2155 2151
f 2156 2152 2154
f 2151 2153 2154
f 2154 2155 2151
f 2157 2156 2152
f 2152 2151 2157
f 2153 2154 2152
f 2151 2152 2154
f 2154 2155 2151
f 2155 2156 2154
f 2154 2157 2155
f 2156 2152 2154
f 2153 2154 2152
f 2160 2161 2162
f 2163 2164 2159
f 2159 2158 2163
f 2160 2161 2162
f 2158 2164 2159
f 2160 2161 2162
f 2158 2164 2159
f 2160 2161 2162
f 2158 2164 2159
f 2167 2168 2169
f 2169 2170 2167
f 2172 2171 2169
f 2173 2174 2175
f 2175 2176 2173
f 2177 2166 2175
f 2170 2172 2171
f 2171 2167 2170
f 2165 2174 2175
f 2175 2176 2165
f 2170 2172 2171
f 2171 2167 2170
f 2168 2169 2171
f 2176 2177 2166
f 2166 2165 2176
f 2174 2175 2166
f 2165 2166 2175
f 2175 2176 2165
f 2167 2168 2171
f 2170 2169 2171
f 2171 2167 2170
f 2176 2177 2175
f 2177 2166 2175
f 2174 2175 2166
f 2168 2169 2171
f 2172 2171 2169
f 1747 2178 2179
f 1745 1747 2179
f 2181 2178 2182
f 2178 2183 2182
f 2180 2179 2182
f 2182 2181 2180
f 1745 2179 2184
f 2184 2185 1745
f 2186 2183 2184
f 2184 2187 2186
f 2183 2178 2188
f 1745 2179 2188
f 2188 1747 1745
f 2189 2183 2188
f 2188 1750 2189
f 2191 2192 2190
f 2192 2193 2194
f 2194 2195 2192
f 2196 2191 2194
f 2190 2193 2191
f 2191 2192 2190
f 2190 2191 2194
f 2194 2195 2190
f 2195 2196 2191
f 2191 2190 2195
f 2193 2194 2191
f 2195 2196 2191
f 2191 2190 2195
f 2196 2191 2194
f 2193 2194 2191
f 2199 2200 2198
f 2198 2197 2199
f 2197 2200 2198
f 2201 2200 2198
f 2198 2197 2201
f 2197 2200 2198
f 2198 2201 2197
f 2202 2204 2205
f 2205 2206 2202
f 2207 2203 2205
f 2202 2204 2203
f 2202 2203 2205
f 2205 2206 2202
f 2206 2207 2203
f 2203 2202 2206
f 2204 2205 2203
f 2206 2207 2203
f 2203 2202 2206
f 2207 2203 2205
f 2204 2205 2203
f 2208 2210 2209
f 2208 2210 2209
f 2208 2210 2209
f 2208 2210 2209
f 2213 2214 2212
f 2212 2215 2213
f 2212 2211 2216
f 2217 2214 2212
f 2212 2218 2217
f 2216 2214 2212
f 2212 2220 2216
f 2212 2215 2213
f 2221 2214 2212
f 2212 2222 2223
f 2223 2221 2212
f 2224 2226 2227
f 2227 2228 2224
f 2229 2225 2227
f 2224 2226 2225
f 2224 2225 2227
f 2227 2228 2224
f 2228 2229 2225
f 2225 2224 2228
f 2226 2227 2225
f 2228 2229 2225
f 2225 2224 2228
f 2229 2225 2227
f 2226 2227 2225
f 2231 2232 2230
f 2233 2234 2235
f 2235 2236 2233
f 2232 2237 2231
f 2231 2230 2232
f 2236 2234 2235
f 2235 2236 2233
f 2230 2237 2231
f 2231 2232 2230
f 2236 2234 2235
f 2235 2233 2236
f 2230 2237 2231
f 2231 2230 2232
f 2233 2234 2235
f 2230 2237 2231
f 1951 1950 1949
f 1949 1952 1951
f 2238 2239 2240
f 2240 2241 2238
f 1196 2244 2245
f 2245 2246 1196
f 2247 2248 2249
f 2249 2250 2247
f 1934 1941 1935
f 1935 1933 1934
f 1454 1912 1914
f 1914 1895 1894
f 1894 1454 1914
f 2109 2091 2090
f 2090 2111 2109
f 1909 1892 1897
f 1897 1911 1909
f 2083 2084 2086
f 2255 2256 2257
f 2257 2258 2255
f 2002 1971 1972
f 1972 2004 2002
f 2260 2261 2259
f 2028 2262 470
f 2265 1062 2266
f 2269 2270 2271
f 2271 2272 2269
f 2273 1356 2274
f 2274 2275 2273
f 510 2276 2252
f 2252 2277 510
f 1966 1968 1965
f 2280 2281 209
f 209 2279 2280
f 2282 2283 569
f 651 2284 2285
f 2285 2286 651
f 1992 1971 1973
f 1973 1993 1992
f 2287 2288 2289
f 2289 2290 2287
f 188 2291 2292
f 569 572 2293
f 2293 2283 569
f 2209 2210 2208
f 1526 2296 2297
f 2297 2298 1526
f 2299 289 2300
f 2301 2302 2303
f 2303 2304 2301
f 2305 325 2306
f 2306 2307 2305
f 1939 1936 1940
f 1940 1577 1939
f 2309 2310 2311
f 2311 2312 2309
f 2314 2315 2316
f 2316 2317 2314
f 2149 2146 2147
f 1516 1515 2318
f 343 2319 2320
f 2320 2321 343
f 2104 2058 2057
f 2027 2032 2026
f 2323 2324 2325
f 1597 1600 2326
f 2327 1597 2326
f 2329 1405 2330
f 2330 2331 2329
f 1394 1391 2294
f 2294 2332 1394
f 2333 1686 2334
f 1597 1600 2326
f 2327 1597 2326
f 2335 2336 2337
f 2335 2337 2338
f 2339 1550 2340
f 2341 2339 2340
f 2105 2060 2059
f 653 651 2286
f 2286 2285 653
f 1776 1766 1765
f 1765 1777 1776
f 2128 2133 2127
f 2129 2132 2131
f 1286 1288 2343
f 2343 2344 1286
f 2162 2161 2160
f 2138 2137 2136
f 2136 2139 2138
f 483 486 2348
f 2348 2349 483
f 1286 259 2350
f 2350 2351 1286
f 2353 2354 2352
f 2184 2179 2180
f 2180 2187 2184
f 2357 2358 2359
f 2359 2360 2357
f 2361 2362 2363
f 2363 2364 2361
f 2366 2367 2365
f 2369 2370 2368
f 1558 2309 2312
f 2312 2371 1558
f 100 2372 2373
f 2373 2374 100
f 2378 2379 2380
f 2380 2381 2378
f 2198 2200 2201
f 2197 2198 2201
f 2203 2207 2206
f 2206 2202 2203
f 1986 1976 1978
f 1978 1987 1986
f 2383 2384 1312
f 2385 2386 2328
f 2389 2390 2391
f 2391 2392 2389
f 2395 252 2396
f 2235 2234 2236
f 2236 2233 2235
f 1537 1515 2318
f 2318 2397 1537
f 1958 1957 1956
f 1992 1994 1993
f 2400 1019 2401
f 2400 2401 2402
f 545 548 2403
f 2403 2404 545
f 2407 2408 2409
f 2409 2410 2407
f 2413 2414 2415
f 2415 2416 2413
f 597 1559 2417
f 2417 2418 597
f 2021 2022 2020
f 2020 2017 2021
f 2421 2422 2423
f 2423 2424 2421
f 2175 2166 2165
f 2165 2176 2175
f 2231 2237 2230
f 548 2425 2426
f 2162 2161 2160
f 2159 2164 2158
f 2428 2427 2076
f 2076 2267 2428
f 259 1286 2351
f 2351 2350 259
f 2118 2120 1556
f 1556 1630 2118
f 2430 2431 2429
f 2031 2028 2030
f 2194 2191 2190
f 2190 2195 2194
f 2433 2434 2432
f 2131 2130 2132
f 2132 2129 2131
f 1582 1581 2436
f 2436 2437 1582
f 2438 2411 2412
f 2393 494 2394
f 1635 611 2439
f 2439 2440 1635
f 1391 1394 2332
f 2332 2294 1391
f 478 2442 2443
f 2033 2038 2034
f 2041 2042 2040
f 2040 2043 2041
f 2447 2448 2449
f 2449 2446 2447
f 1891 1886 1885
f 553 2066 2267
f 2452 1327 2453
f 2073 2075 2087
f 2087 2097 2073
f 1824 1823 1838
f 1838 1826 1824
f 1388 2460 2461
f 2461 1884 1388
f 2157 2155 2154
f 1597 2462 2327
f 2465 1539 2466
f 2467 2468 1056
f 1971 1994 2004
f 2004 1972 1971
f 1476 1474 2469
f 2469 2470 1476
f 2442 475 2471
f 2471 2443 2442
f 572 569 2283
f 2283 2293 572
f 2428 553 2267
f 2296 1526 2298
f 2298 2297 2296
f 197 2473 2474
f 2444 2475 645
f 119 114 2477
f 2477 2478 119
f 1614 1553 2479
f 2479 2480 1614
f 2235 2234 2233
f 2233 2236 2235
f 1400 2481 2482
f 2482 2173 1400
f 2143 2135 2134
f 2134 2144 2143
f 2188 2179 1745
f 1747 1750 2188
f 2188 1745 1747
f 1582 1581 2436
f 2436 2437 1582
f 2488 351 2489
f 1293 1290 2490
f 2490 2491 1293
f 2175 2177 2176
f 2492 333 2493
f 2493 2494 2492
f 1958 1957 1956
f 2426 2404 2403
f 2279 2498 2280
f 2499 2500 2146
f 2150 2146 2149
f 2149 2146 2150
f 2150 2146 2149
f 2149 2146 2150
f 2066 2070 2072
f 2095 2076 2077
f 2504 2505 2503
f 2506 2507 2508
f 2510 2511 2512
f 2514 2515 2513
f 2519 2520 2518
f 2152 2156 2155
f 2155 2151 2152
f 2056 2068 2106
f 2106 2055 2056
f 2444 2475 645
f 2188 2178 1747
f 2287 2523 2524
f 2524 2290 2287
f 545 2404 2497
f 2525 1604 2526
f 2147 2148 2146
f 2146 2150 2147
f 2014 2025 2013
f 2467 2531 2532
f 2532 2468 2467
f 2535 2533 2534
f 2540 2538 2539
f 2539 2541 2540
f 2544 2542 2543
f 2545 2448 2447
f 2321 2320 2546
f 2547 2391 2392
f 2392 2548 2391
f 2391 2547 2392
f 2549 2550 2551
f 2439 2552 2440
f 2440 2553 2439
f 2556 2536 2533
f 2140 2141 2139
f 2136 2140 2139
f 2561 2562 1406
f 2475 2444 645
f 2563 2264 2263
f 2564 2450 1381
f 1773 1781 1774
f 2027 2032 2026
f 1971 1970 1991
f 1991 1973 1971
f 1568 1567 2527
f 2527 2554 1568
f 2140 2138 2139
f 2140 2139 2136
f 2567 2568 2289
f 2289 2524 2567
f 2569 2570 2571
f 2481 1400 2572
f 2572 2482 2481
f 1423 1426 2308
f 2308 2529 1423
f 2216 2215 2212
f 2573 1443 2382
f 2382 2574 2573
f 1922 1877 1905
f 1905 1875 1922
f 2154 2156 2157
f 2157 2155 2154
f 2575 1451 2576
f 2577 2575 2576
f 2578 2579 2580
f 2580 2581 2578
f 1946 1948 1945
f 2582 1336 2583
f 2583 2584 2582
f 2585 2377 2376
f 1595 1596 2530
f 2587 2588 2589
f 1423 1426 2308
f 2308 2529 1423
f 2319 343 2321
f 2321 2546 2319
f 2041 2042 2043
f 2043 2040 2041
f 2046 2045 2044
f 2044 2047 2046
f 1443 651 2595
f 2595 2382 1443
f 1953 1954 1952
f 1952 1949 1953
f 2598 2599 2600
f 1569 2601 2602
f 2602 2603 1569
f 2604 2605 2606
f 2606 2607 2604
f 1519 1520 2608
f 2608 2609 1519
f 2610 2611 2612
f 2612 2613 2610
f 2122 1630 2118
f 2118 2120 2122
f 1894 1882 1884
f 1884 1895 1894
f 2616 2328 1349
f 1516 1515 2318
f 2617 2293 572
f 2231 2237 2230
f 2230 2232 2231
f 2019 2021 2023
f 2023 2020 2019
f 2618 2619 2620
f 2620 123 2618
f 2622 2621 1917
f 2623 2281 2280
f 2280 2498 2623
f 2624 2625 2626
f 2626 2627 2624
f 2035 2034 2033
f 2033 2036 2035
f 2628 2587 2589
f 1443 651 2629
f 2629 2382 1443
f 2021 2022 2020
f 2020 2023 2021
f 2631 2632 306
f 2209 2210 2208
f 1833 1832 1846
f 1846 1837 1833
f 2633 27 2634
f 2634 2635 2633
f 2203 2207 2206
f 2206 2202 2203
f 1559 597 2418
f 2418 2417 1559
f 2637 2339 2341
f 2341 2638 2637
f 540 537 2461
f 2461 1884 540
f 2640 2641 2642
f 2642 2639 2640
f 2191 2193 2192
f 2192 2190 2191
f 470 467 2031
f 2031 2028 470
f 1951 1950 1949
f 1949 1955 1951
f 2203 2204 2202
f 2191 2196 2195
f 2195 2192 2191
f 2197 2201 2198
f 2450 2564 1381
f 2182 2183 2186
f 2186 2181 2182
f 1989 1975 1974
f 1974 1990 1989
f 2414 140 2646
f 2646 2415 2414
f 2647 2648 2517
f 2121 2117 2118
f 637 2476 2382
f 1951 1954 1955
f 1955 1952 1951
f 2649 2490 1290
f 2650 288 2651
f 2651 2110 2650
f 2079 2063 2062
f 2652 326 2653
f 2653 2654 2652
f 2041 2042 2040
f 2655 168 2656
f 1190 224 2657
f 2657 2332 1190
f 1976 1988 1995
f 1995 1998 1976
f 2658 645 2444
f 2444 2659 2658
f 2660 2661 2662
f 2662 2325 2660
f 2663 2390 2391
f 2391 2547 2663
f 2233 2236 2235
f 2040 2043 2041
f 1376 1373 2664
f 2664 2665 1376
f 357 2666 2495
f 2658 645 2668
f 2668 2669 2658
f 2670 2382 2476
f 1958 1957 1956
f 2242 311 2671
f 2671 2672 2242
f 2673 2652 2654
f 2030 2029 2028
f 2674 2675 2676
f 2676 1972 2674
f 2677 597 2418
f 553 556 2076
f 2076 2267 553
f 2030 2029 2031
f 2031 2028 2030
f 2679 2680 515
f 1504 1882 1896
f 1896 1913 1504
f 2683 2684 2514
f 2514 2513 2683
f 2390 2663 2547
f 2547 2391 2390
f 1834 1828 1827
f 1827 1836 1834
f 2071 2064 2066
f 2066 2072 2071
f 2390 2389 2392
f 2391 2547 2686
f 2686 2390 2392
f 2392 2391 2686
f 2052 2054 2051
f 2533 2535 1536
f 2052 2054 2051
f 68 2687 2688
f 2688 2689 68
f 1962 1961 1959
f 1959 1963 1962
f 1594 1578 2387
f 1578 1594 2387
f 2422 2690 2691
f 2691 2423 2422
f 2693 2353 2352
f 2352 2692 2693
f 475 2442 2443
f 2443 2471 475
f 2235 2234 2233
f 2233 2236 2235
f 1286 1288 2343
f 2343 2344 1286
f 2231 2237 2230
f 2694 651 2286
f 2286 2695 2694
f 1754 1753 1752
f 2697 2698 2696
f 2699 1686 1542
f 1290 1293 2491
f 2491 2649 1290
f 2212 2214 2216
f 2216 2215 2212
f 2038 2033 2034
f 1942 1941 1933
f 1933 1943 1942
f 2143 2142 2134
f 2134 2144 2143
f 2696 320 2702
f 2702 2697 2696
f 2703 214 2502
f 2502 2501 2703
f 1547 2704 2705
f 2705 2667 1547
f 1614 1553 2441
f 2441 2480 1614
f 2707 2708 2709
f 2709 2706 2707
f 1451 2575 2577
f 2577 2710 1451
f 2557 2402 2400
f 2451 2711 1546
f 548 545 2497
f 2497 2426 548
f 2192 2190 2191
f 2052 2054 2053
f 2053 2051 2052
f 1759 2712 1757
f 2171 2172 2170
f 2170 2167 2171
f 2713 1451 2111
f 2715 2716 2717
f 2717 2718 2715
f 2550 2549 1633
f 2723 341 2507
f 2506 2508 2724
f 2724 2723 2507
f 2507 2506 2724
f 2725 2726 2727
f 2727 1981 2725
f 2731 2732 2730
f 2584 2583 2733
f 2524 2289 2290
f 2290 2289 2524
f 2289 2524 2290
f 2289 2524 2290
f 1896 1895 1914
f 1914 1913 1896
f 1987 1997 1978
f 1987 1978 1979
f 1979 1985 1987
f 2735 2334 1686
f 1686 1685 2735
f 1685 2736 2735
f 2154 2152 2151
f 2151 2157 2154
f 1966 1968 1965
f 1965 1967 1966
f 2732 2731 553
f 1942 1934 1933
f 1933 1943 1942
f 2232 2230 2231
f 2424 2691 2690
f 2690 2421 2424
f 2278 2741 564
f 1612 1624 2548
f 2742 2743 2744
f 2522 2521 2685
f 2685 2745 2522
f 1558 613 2371
f 2309 1558 2371
f 2747 1310 2748
f 2748 2749 2747
f 2027 2032 2026
f 2750 2751 2503
f 2503 2505 2750
f 2227 2226 2224
f 2224 2228 2227
f 2212 2214 2213
f 2213 2211 2212
f 613 1558 2391
f 2391 2392 613
f 470 467 2031
f 2031 2028 470
f 1379 1381 2450
f 2450 2564 1379
f 1373 1376 2665
f 2665 2664 1373
f 1398 1400 2251
f 2251 2752 1398
f 2681 456 2682
f 1938 1577 1939
f 1747 1746 1750
f 502 499 2753
f 2753 2586 502
f 2754 2755 2542
f 2544 2756 2754
f 2754 2542 2544
f 1443 651 2595
f 2595 2382 1443
f 1839 1824 1826
f 1826 1838 1839
f 2388 2615 387
f 387 1414 2388
f 2277 2252 507
f 507 510 2277
f 1400 1398 2752
f 2752 2251 1400
f 1864 1865 1863
f 1761 1757 2712
f 2759 1558 2371
f 2371 2312 2759
f 1982 1984 1983
f 1476 1477 2469
f 2034 2037 2036
f 2036 2033 2034
f 2390 2686 2761
f 2761 2391 2390
f 1779 1771 1770
f 1770 1780 1779
f 2762 1355 2763
f 2763 2764 2762
f 2765 271 2532
f 2532 2531 2765
f 1247 2766 2537
f 2537 2536 1247
f 2190 2192 2191
f 1966 1968 1965
f 1600 1597 2327
f 2327 2326 1600
f 1299 1535 2541
f 2541 2539 1299
f 2767 2346 2345
f 2147 2148 2149
f 2149 2146 2147
f 1356 2273 2275
f 2275 2768 1356
f 2711 2451 1546
f 585 2432 2434
f 2147 2148 2150
f 2150 2146 2147
f 1394 1391 2294
f 2294 2332 1394
f 2082 2084 2112
f 2112 2089 2082
f 2103 2082 2089
f 2089 2113 2103
f 2235 2234 2236
f 2442 475 2471
f 2471 2443 2442
f 1938 1937 1936
f 1936 1939 1938
f 1595 1596 2530
f 1686 2699 2775
f 1685 1686 2333
f 2333 2736 1685
f 2776 2777 2778
f 2353 2693 2354
f 1756 1646 1760
f 1901 1877 1879
f 1879 1902 1901
f 2771 1362 2779
f 2779 2772 2771
f 2780 1262 2781
f 2236 2233 2235
f 1877 1876 1900
f 1900 1880 1877
f 2782 1373 2664
f 2664 2783 2782
f 2081 2059 2061
f 2061 2080 2081
f 1864 1865 1866
f 1866 1863 1864
f 2030 2029 2028
f 2028 2031 2030
f 2784 2785 2778
f 2778 2777 2784
f 1547 2704 2705
f 2705 2667 1547
f 2227 2225 2224
f 2224 2228 2227
f 2198 2200 2197
f 2451 2711 1546
f 2788 1468 2524
f 2524 2289 2788
f 2789 2790 2791
f 2791 2792 169
f 2789 2791 169
f 2296 1526 2298
f 2298 2297 2296
f 27 2633 2635
f 2635 2634 27
f 1906 1903 1923
f 1923 1907 1906
f 2794 2771 2772
f 2772 2795 2794
f 1764 1769 1763
f 2796 2797 2577
f 2577 2798 2796
f 1832 1835 1837
f 1837 1846 1832
f 2146 2150 2147
f 2579 2799 2581
f 2581 2580 2579
f 2262 2028 470
f 2802 2803 2730
f 2175 2174 2165
f 2165 2176 2175
f 26 22 2645
f 611 1354 2552
f 2552 2439 611
f 2107 2056 2055
f 2055 2108 2107
f 2175 2174 2173
f 2173 2176 2175
f 2154 2153 2151
f 2151 2157 2154
f 1966 1968 1967
f 1967 1965 1966
f 1947 2252 507
f 2805 1190 2332
f 2332 2806 2805
f 2807 1049 2808
f 2807 2808 2558
f 1901 1903 1917
f 1917 1902 1901
f 2120 2121 2117
f 2179 2178 2181
f 2181 2180 2179
f 2576 2710 2577
f 2798 2577 2710
f 2710 2809 2798
f 1578 1594 2387
f 577 580 2219
f 2219 2215 577
f 1960 1964 1963
f 1963 1959 1960
f 2812 1568 2554
f 2554 2527 2812
f 1614 1553 2441
f 2441 2480 1614
f 1953 1951 1955
f 1955 1949 1953
f 169 2792 2791
f 2791 2790 169
f 1687 2813 2814
f 2814 2735 1687
f 1938 1937 1936
f 1936 1939 1938
f 2184 2183 2189
f 2189 2185 2184
f 1567 1628 2554
f 2554 2527 1567
f 1946 1948 1945
f 1945 1947 1946
f 2766 1247 2536
f 2536 2537 2766
f 526 2815 2816
f 2816 1846 526
f 2143 2145 2144
f 2128 2133 2127
f 1423 1426 2308
f 2308 2529 1423
f 2817 100 2374
f 2374 2373 2817
f 456 2681 2682
f 1934 1944 1943
f 1943 1933 1934
f 1946 1948 1947
f 1947 1945 1946
f 1972 2676 2627
f 2627 2626 1972
f 2003 1969 1972
f 2253 2819 2254
f 2611 2610 2820
f 2820 2612 2611
f 2162 2161 2160
f 2821 1360 2822
f 2822 2823 2821
f 2362 2361 2364
f 2364 2363 2362
f 2760 577 2215
f 2045 2049 2047
f 2047 2044 2045
f 1596 1595 2530
f 2825 2826 2304
f 2304 2827 2825
f 2680 2127 515
f 613 1558 2391
f 2391 2392 613
f 2828 2655 2656
f 2656 2829 2828
f 288 2650 2830
f 2830 2831 288
f 643 2658 2669
f 2669 2832 643
f 2385 629 2833
f 2385 2833 2328
f 1568 1567 2527
f 2527 2554 1568
f 2045 2050 2044
f 1539 1795 2834
f 2834 2466 1539
f 2835 370 2836
f 2836 2837 2835
f 613 1558 2391
f 2391 2392 613
f 2704 1547 2667
f 2667 2705 2704
f 2794 1365 2838
f 2838 2795 2794
f 1526 2296 2840
f 2840 2298 1526
f 2841 279 2842
f 2842 2808 2841
f 250 1506 1745
f 1745 2843 250
f 1581 1582 2437
f 2437 2436 1581
f 2844 2845 2846
f 2846 2847 2844
f 2793 2848 2512
f 2512 2511 2510
f 2510 2793 2512
f 1960 1964 1963
f 1963 1959 1960
f 2849 2850 2851
f 1336 2582 2584
f 2584 2733 1336
f 2239 2238 2241
f 2241 2240 2239
f 2128 2133 2127
f 1991 1993 1973
f 1879 1880 1900
f 1900 1902 1879
f 1844 1847 1843
f 2783 2855 2856
f 2783 2856 2664
f 2823 2822 2638
f 2638 2341 2823
f 2859 2340 2823
f 2823 2341 2859
f 2453 2478 2477
f 2697 2702 2698
f 2865 2619 2618
f 2618 2866 2865
f 1902 1917 1918
f 1918 1879 1902
f 2680 2868 2127
f 2181 2186 2187
f 2187 2180 2181
f 1758 1761 2712
f 2712 1759 1758
f 2869 2528 1602
f 2288 192 2870
f 2871 2288 2870
f 2276 507 2252
f 2465 1795 2834
f 2834 2466 2465
f 2872 201 2873
f 2873 2874 2872
f 148 2875 2667
f 2667 2876 148
f 1547 2704 2705
f 2705 2667 1547
f 2433 2434 2432
f 2877 1299 2539
f 2539 2538 2877
f 2878 2435 599
f 2782 1376 2665
f 2665 2664 2782
f 2131 2130 2129
f 2564 2450 1381
f 2244 1618 2246
f 2205 2203 2202
f 2202 2206 2205
f 1773 1652 1772
f 1772 1781 1773
f 2120 2118 2117
f 2219 2218 2212
f 2171 2169 2170
f 2170 2167 2171
f 123 2620 2865
f 2865 2866 123
f 2880 2681 2881
f 2881 2882 2880
f 2041 2042 2040
f 2040 2043 2041
f 2887 1260 2888
f 2888 2889 2887
f 1301 2890 2891
f 2891 2892 1301
f 2300 2864 2299
f 2225 2229 2228
f 2228 2224 2225
f 2284 653 2893
f 2893 2285 2284
f 2573 1443 2382
f 2382 2574 2573
f 2385 629 2616
f 2616 2328 2385
f 1864 1865 1863
f 1863 1866 1864
f 2894 107 2895
f 2895 2298 2894
f 1373 2782 2783
f 2783 2664 1373
f 651 1443 2382
f 2382 2595 651
f 2896 105 2897
f 1553 1614 2480
f 2480 2441 1553
f 2131 2130 2129
f 2129 2132 2131
f 1476 1474 2469
f 2064 2063 2070
f 2070 2066 2064
f 2462 1597 2327
f 645 643 2832
f 2832 2668 645
f 1882 1454 1893
f 1882 1893 1884
f 580 577 2215
f 2215 2219 580
f 1581 1582 2437
f 2437 2436 1581
f 2147 2148 2146
f 2146 2149 2147
f 2169 2168 2167
f 2167 2170 2169
f 2078 2073 2096
f 2096 2088 2078
f 597 1559 2417
f 2417 2418 597
f 1983 1981 1980
f 2030 2029 2031
f 2031 2028 2030
f 2420 2902 361
f 2903 2872 2874
f 2874 2904 2903
f 2739 2906 2854
f 2854 2740 2739
f 2120 2118 2121
f 2171 2168 2167
f 1906 1877 1879
f 1879 1918 1906
f 2074 2075 2095
f 2095 2077 2074
f 1898 1882 1915
f 1915 1899 1898
f 2689 2688 2687
f 2687 68 2689
f 2908 292 2863
f 2272 2271 2270
f 2270 2909 2272
f 1989 1976 1998
f 1998 1995 1989
f 2741 2278 564
f 1864 1865 1863
f 2910 2911 2912
f 2912 2384 2910
f 2212 2214 2221
f 2221 2211 2212
f 2014 2024 2016
f 2016 2013 2014
f 2159 2164 2158
f 2837 2916 2915
f 2046 2050 2044
f 2044 2047 2046
f 2759 2309 2312
f 2354 2693 2692
f 2692 2352 2354
f 2917 131 2855
f 2855 2783 2917
f 1391 1395 2918
f 2918 2294 1391
f 1426 1423 2529
f 2529 2308 1426
f 2023 2017 2021
f 645 2658 2669
f 2669 2668 645
f 2821 2339 2341
f 2341 2823 2821
f 192 2288 2920
f 2920 2870 192
f 1795 1539 2466
f 2466 2834 1795
f 2686 2663 2547
f 2547 2761 2686
f 1594 1578 2387
f 2596 301 2597
f 1582 1581 2436
f 2436 2437 1582
f 545 548 2426
f 2426 2497 545
f 2921 2922 2536
f 2533 2921 2536
f 2171 2172 2170
f 2170 2167 2171
f 1299 2877 2538
f 2538 2539 1299
f 107 2894 2298
f 2298 2895 107
f 2850 2849 2851
f 2923 2367 2924
f 2924 2925 2923
f 2926 2927 2928
f 2929 60 2775
f 2686 619 2930
f 2930 2761 2686
f 1962 1960 1959
f 1959 1963 1962
f 2131 2130 2132
f 2129 2131 2132
f 1934 1944 1943
f 1943 1935 1934
f 1771 1775 1778
f 1778 1770 1771
f 2336 1631 2932
f 2337 2336 2932
f 2390 621 2548
f 2548 2392 2390
f 2159 2164 2158
f 2684 317 2515
f 2515 2514 2684
f 2225 2229 2228
f 2228 2224 2225
f 2782 1373 2664
f 1891 1887 1888
f 1888 1885 1891
f 2875 148 2876
f 2876 2667 2875
f 2668 2328 2386
f 2230 2232 2231
f 1955 1952 1951
f 2135 2145 2144
f 2144 2134 2135
f 1830 1846 526
f 1379 1381 2564
f 2938 2936 2937
f 2941 2942 2266
f 2307 2306 2943
f 2808 2842 2558
f 2401 2402 2557
f 2557 2402 2401
f 2659 2475 2444
f 2657 2806 2332
f 2370 2369 2251
f 2779 2795 2772
f 2795 2838 2772
f 2382 2595 2574
f 2574 2382 2595
f 2932 2338 2337
f 1905 1907 1923
f 1923 1875 1905
f 1878 1905 1875
f 2384 2383 2484
f 2384 2912 2749
f 2749 2748 2384
f 2490 2649 2491
f 2490 2649 2491
f 2243 2672 2671
f 645 643 2659
f 2659 2444 645
f 1841 1842 1847
f 1847 1844 1841
f 2945 2946 158
f 1515 1537 2397
f 2397 2318 1515
f 2162 2161 2160
f 553 2428 2267
f 2213 2220 2212
f 1539 2465 2466
f 1405 2329 2331
f 2331 2330 1405
f 215 210 2500
f 2500 2499 215
f 2035 2039 2038
f 2038 2036 2035
f 2334 2735 2736
f 2736 2333 2334
f 2465 1539 2466
f 1940 1938 1939
f 1939 1936 1940
f 2949 2950 2289
f 1898 1454 1881
f 1881 1899 1898
f 2052 2054 2051
f 1751 1755 1762
f 2886 2952 2953
f 2953 2885 2886
f 2442 478 2443
f 2443 2471 475
f 475 2442 2443
f 2194 2193 2190
f 2190 2195 2194
f 1414 387 2615
f 2615 2388 1414
f 2757 2954 2955
f 2955 2758 2757
f 580 2956 2219
f 2958 2959 2957
f 2885 2953 2952
f 2952 2886 2885
f 1290 1293 2491
f 2491 2649 1290
f 1376 2782 2783
f 2783 2665 1376
f 2385 2386 2328
f 2154 2153 2151
f 2151 2155 2154
f 1515 1537 2397
f 2397 2318 1515
f 2143 2142 2134
f 2134 2144 2143
f 597 2677 2418
f 645 643 2832
f 2832 2669 645
f 2166 2177 2176
f 2176 2165 2166
f 2462 1597 2327
f 1905 1878 1877
f 1629 2121 2118
f 2118 2120 2122
f 2122 1629 2118
f 1986 1988 1997
f 1997 1987 1986
f 1795 2465 2466
f 2834 1795 2466
f 2212 2214 2217
f 2219 2212 2217
f 1062 318 2942
f 2942 2941 1062
f 483 486 2348
f 2349 483 2348
f 1558 613 2392
f 2392 2391 1558
f 2968 1569 2603
f 2603 2602 2968
f 2027 2032 2026
f 1260 2887 2889
f 2889 2888 1260
f 153 149 2969
f 2969 2970 153
f 2209 2210 2208
f 499 502 2586
f 2586 2753 499
f 1453 1455 1904
f 1904 1916 1504
f 1504 1453 1904
f 2209 2210 2208
f 2358 1536 2359
f 2960 2971 2972
f 2972 2961 2960
f 2002 1970 1969
f 1969 2003 2002
f 1398 1400 2251
f 2251 2752 1398
f 2680 2127 515
f 2973 2844 2847
f 2847 2846 2973
f 2146 2149 2147
f 2432 585 2434
f 1976 1975 1985
f 1985 1979 1976
f 2974 2975 2976
f 2976 2900 2974
f 2977 2877 2538
f 2538 2540 2977
f 643 2658 2669
f 2669 2832 643
f 2978 184 2979
f 2979 2980 2978
f 2110 2093 2092
f 2643 316 2982
f 2644 2643 2982
f 2925 2814 2813
f 2813 2923 2925
f 2198 2200 2197
f 2718 2717 2716
f 2716 2983 2718
f 2666 357 2496
f 2496 2495 2666
f 2034 2039 2033
f 2033 2038 2034
f 1388 540 1884
f 2019 2018 2017
f 2017 2020 2019
f 561 2288 2289
f 2289 2290 561
f 2398 2984 2509
f 2509 2399 2398
f 1595 1596 2530
f 2205 2204 2202
f 2202 2206 2205
f 1960 1961 1959
f 2015 2014 2013
f 2013 2016 2015
f 2015 2025 2013
f 2013 2016 2015
f 1537 1516 2318
f 2318 2397 1537
f 2901 327 2520
f 2520 2519 2901
f 2014 2024 2016
f 2016 2013 2014
f 2525 2324 2325
f 2325 2526 2525
f 2883 308 2944
f 2944 2884 2883
f 2311 2312 2759
f 2759 611 2311
f 1290 1293 2491
f 2491 2649 1290
f 1846 1830 526
f 2307 2943 2305
f 2021 2018 2017
f 2017 2023 2021
f 2986 2287 2290
f 2987 1471 2290
f 2290 2524 2987
f 2988 166 2989
f 2989 2990 2988
f 2198 2200 2199
f 2197 2198 2199
f 2140 2137 2136
f 453 1407 2992
f 2992 2881 453
f 1414 2993 2388
f 1922 1876 1875
f 2034 2037 2036
f 2036 2033 2034
f 1795 1539 2466
f 2940 2939 296
f 1747 1746 1743
f 1743 1745 1747
f 1381 1379 2564
f 2564 2450 1381
f 2159 2164 2163
f 2163 2158 2159
f 2777 2776 2919
f 2919 2784 2777
f 2679 2127 515
f 2191 2196 2195
f 2192 2191 2195
f 2553 2440 1635
f 2751 342 2504
f 2504 2503 2751
f 2393 494 2394
f 2995 2996 2664
f 2664 2856 2995
f 1288 1286 2344
f 2344 2343 1288
f 2997 2998 2999
f 2059 2058 2080
f 2080 2061 2059
f 2735 2924 2367
f 2367 1687 2735
f 507 2276 2252
f 2741 2278 564
f 1559 2677 2418
f 2418 2417 1559
f 1846 1830 526
f 2182 2179 2180
f 2180 2181 2182
f 2868 2680 515
f 2045 2049 2048
f 2048 2044 2045
f 2140 2141 2139
f 2139 2136 2140
f 387 1414 2615
f 3000 368 3001
f 3001 3002 3000
f 2225 2226 2224
f 1600 2462 2327
f 2327 2326 1600
f 1958 1957 1956
f 2517 2648 331
f 331 2516 2517
f 1474 1476 2470
f 2470 2469 1474
f 1451 1566 2809
f 2809 2710 1451
f 548 545 2497
f 2497 2403 548
f 3004 3005 3006
f 3006 2615 3004
f 2776 2778 2785
f 2785 2919 2776
f 2128 2133 2127
f 2836 2916 2837
f 1885 1888 1911
f 1911 1897 1885
f 1949 1952 1955
f 1949 1955 1952
f 1952 1955 1949
f 1955 1949 1952
f 1982 1983 1980
f 2118 2121 2117
f 2120 2118 2117
f 2303 2827 2304
f 2615 3006 2818
f 2785 2784 2919
f 2421 2690 2422
f 2735 2814 2925
f 2925 2924 2735
f 1946 1948 1947
f 1947 1945 1946
f 2278 2741 564
f 1388 3007 1884
f 2231 2237 2232
f 2232 2230 2231
f 3010 3011 2734
f 2211 2222 2212
f 1056 275 1552
f 2866 2618 123
f 2574 2595 651
f 651 2573 2574
f 2297 2840 2296
f 2349 2348 486
f 486 483 2349
f 1711 1710 1709
f 1709 1724 1711
f 1327 1329 478
f 1414 387 2615
f 1270 1272 1519
f 1519 1520 1270
f 1858 1857 1414
f 2491 2649 1290
f 1290 1293 2491
f 1848 1829 1831
f 1831 1403 1848
f 2721 1303 1561
f 1561 3012 2721
f 3009 2787 2786
f 2786 3008 3009
f 1017 1029 1026
f 1026 1019 1017
f 3013 1301 1637
f 1637 3014 3013
f 1339 1341 1607
f 1909 1887 1921
f 1921 1910 1909
f 2495 2496 357
f 2543 2542 2755
f 2755 2810 2543
f 2695 2286 651
f 2694 2695 651
f 2641 2606 2605
f 2605 2642 2641
f 456 2682 2681
f 2436 2897 105
f 105 2839 2436
f 1522 1521 1146
f 1146 1143 1522
f 1513 1514 1331
f 1331 1336 1513
f 2267 2076 556
f 556 2428 2267
f 1817 1818 1820
f 1820 1387 1817
f 1884 3007 1388
f 2404 2426 548
f 548 545 2404
f 1872 1870 1438
f 1438 1434 1872
f 2252 2277 510
f 507 2252 510
f 1787 1786 410
f 410 1789 1787
f 2325 2526 1604
f 1604 2323 2325
f 1514 1513 1336
f 1336 1331 1514
f 2267 2076 2427
f 2427 2428 2267
f 2935 2396 252
f 252 1290 2935
f 1595 1596 2530
f 1094 1098 1601
f 1601 1524 1094
f 1528 2126 2124
f 2312 2371 613
f 613 2309 2312
f 1615 1545 1234
f 3015 1196 3016
f 3016 3017 3015
f 2284 653 2285
f 1143 1146 1521
f 1521 1522 1143
f 1514 1513 1336
f 1336 1331 1514
f 1097 1094 1523
f 1523 1601 1097
f 1656 1658 1666
f 1666 46 1656
f 507 2276 2252
f 2994 2931 193
f 193 2949 2994
f 2317 2417 1596
f 3018 2314 2317
f 2317 1596 3018
f 3019 1119 1116
f 2664 2665 1376
f 1376 1373 2664
f 2290 2289 2568
f 2568 2287 2290
f 2098 2092 2094
f 2094 2102 2098
f 1052 1049 1554
f 1554 1555 1052
f 1520 1519 1272
f 2554 2527 1567
f 1567 1568 2554
f 1519 1520 1272
f 1596 1595 2530
f 1107 3020 3021
f 3021 1109 1107
f 2528 2869 1602
f 2007 2006 2010
f 2010 1490 2007
f 2839 1576 1218
f 2252 1947 507
f 2417 2418 597
f 597 1559 2417
f 3003 2201 2951
f 2951 93 3003
f 1689 1692 1707
f 1707 1690 1689
f 1327 1329 478
f 2770 2763 1355
f 1355 2769 2770
f 2753 2586 502
f 502 499 2753
f 1824 1853 1825
f 1562 1619 1140
f 1858 1857 1414
f 1414 1415 1858
f 2391 2548 621
f 621 2663 2547
f 2547 2391 621
f 2416 2646 140
f 140 2413 2416
f 2672 2243 2242
f 1153 3022 3023
f 3023 1151 1153
f 1693 1694 1703
f 1703 1696 1693
f 1495 1496 2012
f 1615 1545 1234
f 2761 2547 2663
f 2663 2686 2761
f 387 1414 2615
f 2772 2838 1365
f 1365 2771 2772
f 1524 1523 1094
f 1241 1243 1531
f 1627 1607 1341
f 1341 1339 1627
f 643 2658 2659
f 2453 2477 114
f 114 2452 2453
f 1190 1192 1543
f 1830 1846 526
f 2290 2524 2523
f 2523 2986 2290
f 1750 2189 1572
f 2434 2433 2432
f 2290 2524 1468
f 1468 561 2290
f 1331 1336 1513
f 1513 1514 1331
f 2277 2252 2276
f 2276 510 2277
f 2349 2348 486
f 2349 486 483
f 1534 1533 1277
f 1277 1274 1534
f 2680 2127 515
f 2649 2490 1290
f 2990 2934 2933
f 2988 2990 2933
f 2818 3006 3005
f 3005 1585 2818
f 2801 2958 2957
f 2957 2800 2801
f 1677 1678 1683
f 1683 1679 1677
f 2570 2569 2571
f 1243 1241 1531
f 2752 2251 1400
f 1400 1398 2752
f 2403 2404 545
f 545 548 2403
f 2367 2366 2365
f 2529 2308 1426
f 1426 1423 2529
f 2267 2066 553
f 1578 1594 2387
f 1805 1810 1602
f 1602 1814 1805
f 2654 2653 326
f 326 2673 2654
f 1052 1053 1608
f 1608 1555 1052
f 2486 2746 1572
f 1572 2485 2486
f 1523 1524 1094
f 2007 2008 2005
f 2005 1730 2007
f 1977 2945 158
f 158 1613 1977
f 3024 1060 1063
f 1063 3025 3024
f 2432 585 2434
f 494 2393 2394
f 2781 2464 2463
f 2463 2780 2781
f 2328 2668 2386
f 2476 637 2382
f 1221 1218 1576
f 1576 1563 1221
f 1524 1523 1094
f 1270 1272 1520
f 2308 2529 1423
f 1423 1426 2308
f 2297 2298 1526
f 1526 2296 2297
f 1274 1277 1533
f 1533 1534 1274
f 1974 1990 2445
f 1533 1534 1274
f 1274 1277 1533
f 2120 2118 2119
f 2119 1557 2120
f 2828 168 2655
f 2903 201 2872
f 2623 209 2281
f 2804 210 215
f 553 2803 2802
f 1874 1434 1438
f 1438 1439 1874
f 1438 1439 1437
f 1437 1434 1438
f 548 545 2425
f 1806 1811 1803
f 1814 1602 1812
f 1812 1811 1814
f 2933 166 2988
f 2751 2750 342
f 2724 341 2723
f 2683 317 2684
f 331 2648 2647
f 2907 333 2492
f 2391 2392 613
f 613 1558 2391
f 2811 2038 2965
f 2965 202 2811
f 2510 2512 2848
f 2848 2793 2510
f 2938 2291 188
f 188 2936 2938
f 2863 2862 292
f 292 2908 2863
f 1630 1557 2120
f 2120 2118 1630
f 2005 2010 2008
f 1647 1646 1645
f 1243 1241 1531
f 1608 1555 1052
f 1052 1053 1608
f 2219 2215 577
f 577 580 2219
f 2913 368 3000
f 613 1558 2309
f 611 1635 1354
f 2877 2977 1535
f 1535 1299 2877
f 2358 2357 1536
f 2244 1196 1618
f 1545 1615 1544
f 1615 1593 1545
f 2686 619 1029
f 1029 1017 2686
f 1074 1060 3024
f 2754 2756 2810
f 2755 2754 2810
f 1564 1517 1574
f 1524 1601 1523
f 1601 1523 1524
f 1601 1523 1524
f 1524 1523 1601
f 1555 1608 3028
f 2663 2390 2686
f 3029 1163 1151
f 1151 3023 3029
f 1544 1545 1615
f 2270 2269 2909
f 2773 2743 2742
f 2899 2975 2974
f 1618 1196 3015
f 2915 370 2835
f 2587 2628 2588
f 2905 351 2488
f 1596 2315 2314
f 2314 3018 1596
f 1515 1516 1537
f 1516 1537 1515
f 1568 2812 1567
f 2309 2759 2310
f 1729 1728 1730
f 1730 85 1729
f 1872 1871 1439
f 1439 1438 1872
f 3030 3031 3032
f 3032 3033 3030
f 2554 2527 1567
f 1567 1568 2554
f 3034 1579 1199
f 1199 486 3034
f 1523 1601 1097
f 1097 1094 1523
f 2907 2492 2494
f 1524 1523 1094
f 1607 1627 1339
f 2734 2722 220
f 220 3010 2734
f 619 2686 3035
f 3035 3036 619
f 2904 2873 201
f 201 2903 2904
f 2450 2564 1381
f 2649 2490 1290
f 2118 2120 1556
f 1556 2119 2118
f 1620 1637 1301
f 1301 3037 1620
f 2309 2759 2312
f 1871 1870 1434
f 1434 1437 1871
f 1932 1931 1465
f 1465 1464 1932
f 2012 2011 1496
f 1496 1493 2012
f 1793 1794 1792
f 2264 2563 2263
f 2678 2487 281
f 281 1530 2678
f 2388 2615 1414
f 1562 1619 1140
f 1329 1327 478
f 1519 1520 1270
f 1270 1272 1519
f 1798 1799 434
f 434 1797 1798
f 2327 2326 1600
f 1600 1597 2327
f 1186 1187 1517
f 1517 1564 1186
f 2344 2343 1288
f 1288 1286 2344
f 2116 2125 1528
f 1528 1527 2116
f 1143 1146 1521
f 1521 1522 1143
f 1336 1331 1514
f 1514 1513 1336
f 1327 1329 478
f 2627 2676 2675
f 2675 2624 2627
f 1800 1801 441
f 441 443 1800
f 2146 2500 210
f 210 2804 2146
f 1241 1243 1531
f 1323 1320 1609
f 1609 1599 1323
f 2440 2552 1354
f 1354 1635 2440
f 1861 1860 1419
f 1419 1420 1861
f 2346 2767 2345
f 275 1056 1552
f 410 1785 1786
f 275 1056 1552
f 3014 3038 3039
f 3039 3013 3014
f 1329 1327 478
f 1692 1689 1688
f 1688 1708 1692
f 1599 1609 1320
f 1320 1323 1599
f 2607 2640 2639
f 2639 2604 2607
f 1981 2727 2726
f 2726 2725 1981
f 1607 1627 1339
f 2251 2752 1398
f 1398 1400 2251
f 2298 2297 2296
f 2296 1526 2298
f 3037 1296 1620
f 3017 3040 3015
f 2418 2417 1559
f 1559 597 2418
f 2114 2115 1565
f 1565 1542 2114
f 2127 2679 515
f 2644 2982 316
f 316 2643 2644
f 2829 2656 168
f 168 2828 2829
f 2127 2868 515
f 2293 2282 569
f 572 2293 569
f 3041 1218 1576
f 1576 2839 3041
f 2931 2994 2949
f 2949 193 2931
f 1884 2461 537
f 537 540 1884
f 2615 2388 1414
f 1414 387 2615
f 3012 507 3042
f 3042 2721 3012
f 1860 1859 1416
f 1416 1419 1860
f 1926 1925 1924
f 1924 1929 1926
f 1858 1857 1415
f 1415 1414 1858
f 651 2286 2893
f 2893 653 651
f 22 26 2645
f 2783 2665 1376
f 1376 2782 2783
f 2120 2121 1629
f 1629 2122 2120
f 2490 2491 1293
f 1293 1290 2490
f 2344 2343 1288
f 1288 1286 2344
f 1624 1612 2548
f 2328 2616 1349
f 2266 2942 318
f 318 2265 2266
f 1277 1274 1534
f 1534 1533 1277
f 2498 2279 209
f 209 2623 2498
f 1701 1706 1702
f 1822 1821 1388
f 1932 1931 1462
f 1462 1465 1932
f 1799 1798 1797
f 1797 432 1799
f 2381 2380 2379
f 2379 2378 2381
f 2669 2832 643
f 643 2658 2669
f 2856 2855 131
f 131 2995 2856
f 2292 2937 2936
f 2936 188 2292
f 2478 2453 1327
f 2478 1327 119
f 1620 3038 3039
f 3039 3037 1620
f 1786 1787 1789
f 1789 410 1786
f 2332 2294 1391
f 1391 1394 2332
f 2360 2359 1536
f 1536 2357 2360
f 1363 1805 1807
f 1807 1815 1363
f 1927 1926 1461
f 1461 1930 1927
f 2667 2705 2704
f 2704 1547 2667
f 1599 1609 1320
f 1320 1323 1599
f 1518 1564 1186
f 1186 1187 1518
f 1594 1578 2387
f 1272 1270 1520
f 2442 2443 2471
f 2471 475 2442
f 2665 2664 1373
f 1373 1376 2665
f 3028 1608 1053
f 1053 3043 3028
f 2127 2680 515
f 2294 2332 1394
f 1394 1391 2294
f 1323 1320 1609
f 1609 1599 1323
f 2527 2554 1628
f 1628 1567 2527
f 2905 2488 2489
f 2189 1750 1572
f 1818 1819 1387
f 1387 1386 1818
f 1477 1476 2469
f 1562 1619 1140
f 2768 2274 1356
f 1721 1712 1714
f 1714 1722 1721
f 2288 2788 2289
f 2480 2441 1553
f 1553 1614 2480
f 2834 2466 1539
f 1539 1795 2834
f 1608 1555 1052
f 1052 1049 1608
f 1658 1656 46
f 46 1667 1658
f 275 1056 1552
f 361 2419 2420
f 1562 1619 1140
f 1564 1574 1186
f 2402 2557 2400
f 1932 1931 1466
f 1466 1464 1932
f 2451 2711 1546
f 1462 402 1782
f 1520 1519 1272
f 1272 1270 1520
f 1336 1331 1514
f 1514 1513 1336
f 2711 2451 1546
f 2775 2699 1542
f 1542 2929 2775
f 2959 2801 2800
f 2800 2957 2959
f 2823 2340 1550
f 1550 2821 2823
f 1884 2461 2460
f 540 1884 2460
f 1496 1495 2012
f 2591 2430 2429
f 2429 2590 2591
f 2798 2809 1566
f 1566 2796 2798
f 2417 2316 2315
f 2315 1596 2417
f 1341 1339 1627
f 2544 2543 2810
f 2810 2756 2544
f 2484 2383 1312
f 1312 2483 2484
f 3046 3034 483
f 483 3047 3046
f 2527 2554 1568
f 1568 1567 2527
f 2008 2006 2005
f 2005 2010 2008
f 1563 2839 3041
f 3041 1221 1563
f 2436 2437 1582
f 1582 1581 2436
f 1518 1564 1186
f 1186 1187 1518
f 1982 1981 1481
f 1481 1794 1982
f 2899 2974 2900
f 1792 1791 1790
f 1790 1793 1792
f 2099 2068 2067
f 2067 2100 2099
f 1618 1196 2246
f 456 2681 2682
f 2382 2670 2476
f 2588 2628 2589
f 2546 2320 2319
f 3011 3010 220
f 2124 2116 1527
f 1527 1528 2124
f 2426 2403 548
f 2001 418 1982
f 1846 2816 2815
f 2815 526 1846
f 1618 3015 3040
f 3040 3048 1618
f 2028 2031 467
f 470 2028 467
f 3049 3034 486
f 486 1203 3049
f 3033 1258 1256
f 1256 3030 3033
f 1794 1793 1792
f 3002 2914 2913
f 2913 3000 3002
f 2283 2293 572
f 572 569 2283
f 2665 2783 2782
f 2782 1376 2665
f 1627 1607 1339
f 1339 1341 1627
f 2251 2752 1398
f 1398 1400 2251
f 1619 1562 1140
f 2705 2667 1547
f 1547 2704 2705
f 2871 2920 2288
f 2839 1576 1218
f 2471 2443 478
f 478 475 2471
f 2332 2294 1391
f 1391 1394 2332
f 2529 2308 1426
f 1426 1423 2529
f 2551 2550 1633
f 1633 2630 2551
f 1320 1323 1599
f 1599 1609 1320
f 553 2267 2428
f 2609 2969 149
f 149 1519 2609
f 2733 2583 1336
f 1097 1094 1523
f 1523 1601 1097
f 2371 2312 2309
f 2338 2932 1631
f 1631 2335 2338
f 402 1462 1782
f 2827 2303 2302
f 2302 2825 2827
f 1381 1379 2564
f 2741 2278 564
f 1868 1867 1430
f 1430 1869 1868
f 2595 2629 651
f 1809 1805 1814
f 1814 1811 1809
f 2721 3042 507
f 3012 2721 507
f 1615 1544 1238
f 1238 1234 1615
f 1053 3043 1555
f 1555 1608 1053
f 1818 1819 537
f 1820 1383 1818
f 1818 537 1820
f 2468 2532 271
f 271 1056 2468
f 540 1388 1884
f 2386 2385 2328
f 2114 2115 1542
f 1542 1565 2114
f 1818 1383 1820
f 2664 2783 2782
f 2392 2391 2390
f 1846 1830 526
f 1520 1519 1272
f 1927 1928 1784
f 1784 1924 1927
f 2915 2835 2837
f 585 2432 2434
f 1464 1465 1932
f 1887 1886 1919
f 1919 1890 1887
f 3050 1234 1615
f 1615 1545 3050
f 2964 2249 2248
f 2262 2028 470
f 1515 1516 2318
f 3019 3051 3027
f 3027 1119 3019
f 1822 1821 1388
f 1682 1673 1676
f 2100 2067 2069
f 2067 2100 2069
f 1679 1683 1684
f 2101 2102 2094
f 1542 60 2929
f 2721 2565 2566
f 2902 2420 2419
f 2419 361 2902
f 2864 2300 289
f 289 2299 2864
f 2941 2266 1062
f 1430 1869 1868
f 1544 1615 1234
f 1234 1238 1544
f 1221 3041 2839
f 2839 1563 1221
f 2092 2091 2101
f 2094 2092 2101
f 1241 1243 1531
f 2752 2251 1400
f 1400 1398 2752
f 1787 1786 1785
f 1785 1788 1787
f 1861 1862 1419
f 1419 1420 1861
f 2722 2734 3011
f 220 2722 3011
f 2909 2269 2272
f 1990 1974 2445
f 2649 2491 1293
f 1293 1290 2649
f 1809 1804 1803
f 1803 1811 1809
f 1074 3024 3025
f 3025 1071 1074
f 1071 3052 3024
f 3024 1074 1071
f 1999 1982 418
f 418 2000 1999
f 1972 2626 2625
f 2625 2674 1972
f 2494 2493 333
f 333 2907 2494
f 2980 2409 2408
f 2408 2978 2980
f 2710 2577 2797
f 2797 1451 2710
f 2991 2707 2706
f 2706 2336 2991
f 1920 1892 1908
f 1908 1449 1920
f 2533 2536 2922
f 2922 2714 2533
f 2993 1414 2388
f 2012 2011 1497
f 1497 1495 2012
f 1861 1859 1420
f 1420 1416 1861
f 2393 2394 494
f 2450 2564 1379
f 1379 1381 2450
f 3012 3055 2565
f 2565 2721 3012
f 1513 1514 1331
f 1331 1336 1513
f 1461 1784 1926
f 1872 1873 1439
f 1439 1438 1872
f 1741 1738 1736
f 456 2681 2682
f 2619 2865 2620
f 1414 1415 1858
f 2490 2491 1293
f 1293 1290 2490
f 2524 2289 2950
f 2950 2987 2524
f 2789 169 2790
f 1071 1063 1060
f 1060 1074 1071
f 1559 2677 597
f 2525 2324 2323
f 2323 1604 2525
f 2661 2660 2324
f 2324 2525 2661
f 2797 2796 1566
f 1566 1451 2797
f 1600 2462 1597
f 2774 2744 2743
f 2743 2773 2774
f 2966 2565 3055
f 3055 2276 2966
f 2326 2327 2462
f 2462 1600 2326
f 1544 1615 1234
f 1234 1238 1544
f 2857 2858 2981
f 2981 132 2857
f 1262 2463 2464
f 2464 2781 1262
f 1286 1288 2343
f 2531 2467 1056
f 1056 2765 2531
f 2758 2955 2954
f 2954 2757 2758
f 1564 1518 1187
f 1187 1186 1564
f 1926 1925 1930
f 1930 1461 1926
f 2410 2979 184
f 184 2407 2410
f 1619 1562 1140
f 2632 2631 306
f 1786 1787 1788
f 1788 1785 1786
f 1627 1607 1339
f 2201 3003 93
f 93 2951 2201
f 2858 2857 132
f 2981 2858 132
f 2535 2534 2985
f 2985 1536 2535
f 2521 2522 2745
f 2745 2685 2521
f 1630 2119 2118
f 2900 2976 2975
f 2975 2899 2900
f 2392 2391 1558
f 1558 613 2392
f 3043 1052 1555
f 1555 3028 3043
f 2250 2964 2248
f 2248 2247 2250
f 293 2737 2738
f 1648 1649 1650
f 2469 2470 1476
f 1476 1474 2469
f 1792 1791 418
f 418 1794 1792
f 3037 3039 3038
f 3038 1620 3037
f 1557 2122 2120
f 2668 2669 2658
f 2658 645 2668
f 2681 453 2881
f 2547 2391 2390
f 2390 2686 2547
f 1565 1542 2114
f 1203 1199 1579
f 1579 3049 1203
f 2268 2948 2947
f 2947 354 2268
f 2710 2576 1451
f 1654 1655 15
f 1146 1143 1522
f 1522 1521 1146
f 1563 1576 1218
f 1218 1221 1563
f 2480 2441 1553
f 1553 1614 2480
f 1238 1234 1545
f 1545 1544 1238
f 1607 1627 1339
f 2298 2297 2296
f 2296 1526 2298
f 2832 2668 645
f 645 643 2832
f 2970 2608 1520
f 1520 153 2970
f 1822 1821 1388
f 2382 637 2476
f 2534 2533 1536
f 1536 2985 2534
f 3051 1116 1119
f 1119 3027 3051
f 1094 1097 1601
f 1601 1524 1094
f 2860 2861 136
f 3020 1107 1109
f 1109 3021 3020
f 1884 540 1388
f 2294 2918 1395
f 1395 1391 2294
f 2012 2011 1495
f 1495 1496 2012
f 2465 1539 2466
f 1017 2686 3035
f 3035 1019 1017
f 1274 1277 1533
f 1533 1534 1274
f 2443 2471 475
f 475 2442 2443
f 2943 2306 325
f 325 2305 2943
f 2517 2516 331
f 331 2647 2517
f 1858 1857 1414
f 2637 1360 2821
f 2821 2339 2637
f 507 3012 1561
f 1561 3056 507
f 2579 2578 2799
f 3046 1206 3049
f 3049 3034 3046
f 3049 1579 3034
f 2995 131 2917
f 2917 2996 2995
f 3032 1258 3033
f 2844 2973 2845
f 119 1327 2452
f 2452 114 119
f 1744 1506 250
f 250 249 1744
f 510 2276 507
f 3012 507 2276
f 2276 3055 3012
f 1854 1571 1825
f 1825 1853 1854
f 1855 1856 659
f 2821 1550 2339
f 1920 1887 1889
f 1889 1449 1920
f 2505 2504 342
f 342 2750 2505
f 2861 2860 136
f 2243 2671 311
f 311 2242 2243
f 2601 2968 2602
f 2916 2836 370
f 370 2915 2916
f 1739 1731 92
f 92 1740 1739
f 1519 1520 1272
f 1868 1867 1430
f 1430 1869 1868
f 2399 2509 2984
f 2984 2398 2399
f 2501 2502 214
f 214 2703 2501
f 2278 2741 564
f 2124 2125 1528
f 1528 2126 2124
f 1019 3035 2686
f 2686 1017 1019
f 1520 1519 1272
f 2621 2622 1917
f 3057 3058 1163
f 1163 3029 3057
f 3023 1151 1153
f 1153 3022 3023
f 2564 2450 1381
f 1381 1379 2564
f 2328 2833 629
f 629 2385 2328
f 2396 2935 1290
f 1290 2395 2396
f 2384 2748 1310
f 1310 2910 2384
f 1607 1627 1339
f 2823 2341 2339
f 2339 2821 2823
f 1609 1599 1323
f 1323 1320 1609
f 1516 1515 2318
f 2545 2447 2446
f 2446 2636 2545
f 2110 2830 2650
f 577 2760 2215
f 1795 426 1796
f 2740 2854 2906
f 2906 2739 2740
f 1539 2465 2466
f 1272 1270 1520
f 1243 1241 1531
f 3043 1052 1555
f 2787 3009 3008
f 3008 2786 2787
f 2667 2705 2704
f 2704 1547 2667
f 1241 1243 1531
f 2638 2822 1360
f 1360 2637 2638
f 1192 1190 1543
f 1578 1594 2387
f 2418 2417 1559
f 1559 2677 2418
f 2276 507 3042
f 3042 2966 2276
f 2659 2444 645
f 645 2658 2659
f 1852 1823 1571
f 1571 1854 1852
f 1926 1928 1461
f 1461 1784 1926
f 2574 2595 651
f 651 2573 2574
f 2382 2476 637
f 2711 2451 1546
f 2565 2721 2566
f 2475 2659 2658
f 645 2475 2658
f 3036 1026 1029
f 1029 619 3036
f 2508 2507 341
f 341 2724 2508
f 1363 1810 1813
f 1813 1815 1363
f 1782 1783 401
f 401 1462 1782
f 2124 2123 1527
f 1527 1528 2124
f 2939 2940 296
f 1555 1554 1049
f 1049 1052 1555
f 2999 2967 2966
f 2966 2997 2999
f 1872 1873 1437
f 1437 1434 1872
f 1521 1522 1143
f 1143 1146 1521
f 1187 1186 1574
f 1574 1518 1187
f 2547 2930 619
f 619 2686 2390
f 2390 2391 2547
f 2547 619 2390
f 2795 2779 1362
f 1362 2794 2795
f 2967 2999 2998
f 2998 2966 2967
f 1840 1842 1855
f 1855 659 1840
f 2744 2774 2773
f 2773 2742 2744
f 1868 1867 1869
f 1869 1430 1868
f 2934 2989 166
f 166 2933 2934
f 577 2215 2760
f 1601 1524 1094
f 1094 1097 1601
f 2038 2811 202
f 202 2965 2038
f 1822 1821 1390
f 1390 1388 1822
f 1686 2775 60
f 60 1542 1686
f 1619 1562 1140
f 1434 1874 1872
f 1712 1713 77
f 77 1714 1712
f 2343 2344 1286
f 1286 1288 2343
f 2375 2879 2106
f 3048 3040 3015
f 3015 1618 3048
f 1331 1336 1513
f 1513 1514 1331
f 2677 597 2418
f 2437 2436 1581
f 1581 1582 2437
f 1203 483 3034
f 3034 3049 1203
f 2285 2286 651
f 651 2284 2285
f 2961 2972 2971
f 2971 2960 2961
f 2386 2385 2328
f 2946 1977 1613
f 1613 158 2946
f 2470 2469 1474
f 1474 1476 2470
f 2471 2561 1406
f 456 2471 1406
f 426 1795 1796
f 2328 2386 2385
f 1234 1237 1593
f 1593 1615 1234
f 2127 2679 515
f 2826 2301 2304
f 2746 2486 2485
f 2485 1572 2746
f 2312 2311 2310
f 2310 2759 2312
f 1329 1327 478
f 2318 2397 1537
f 1537 1516 2318
f 2669 2832 643
f 643 645 2669
f 2440 2439 611
f 611 1635 2440
f 275 1056 1552
f 1383 1386 1818
f 2539 2538 2877
f 2877 1299 2539
f 3045 3054 3053
f 3053 3044 3045
f 2276 507 2252
f 2012 2011 1493
f 1493 1496 2012
f 2698 2702 320
f 320 2696 2698
f 432 434 1799
f 2598 2600 2599
f 1720 1719 1723
f 3049 1206 3059
f 3059 1203 3049
f 1243 1241 1531
f 2370 2251 2824
f 2824 2368 2370
f 3050 1234 1545
f 1596 1595 2530
f 1523 1601 1098
f 1098 1094 1523
f 1732 1735 1490
f 1490 1733 1732
f 2526 2662 2661
f 2661 2525 2526
f 1187 1186 1564
f 1564 1518 1187
f 2533 2714 2921
f 2882 2992 1407
f 1407 2880 2882
f 2397 2318 1515
f 1515 1537 2397
f 1545 1593 1237
f 1237 3050 1545
f 1056 275 1552
f 3040 3048 1618
f 1618 3015 3040
f 2892 2891 2890
f 2890 1301 2892
f 2278 2741 564
f 2265 318 1062
f 3043 1053 1052
f 3058 3057 3022
f 3022 1153 3058
f 1190 2805 224
f 3051 3019 1116
f 1049 2807 279
f 279 2841 1049
f 1056 271 2765
f 2652 2673 326
f 2921 2714 2922
f 3017 3016 3048
f 3048 3040 3017
f 2463 1262 2780
f 1290 252 2395
f 2911 2910 1310
f 1310 2747 2911
f 2624 2675 2674
f 2674 2625 2624
f 2771 2794 1362
f 2771 1365 2794
f 2573 651 1443
f 2336 2335 1631
f 2706 2709 2336
f 2897 2436 2839
f 2839 2896 2897
f 1661 1663 1662
f 2246 2245 2244
f 2549 2551 2630
f 2630 1633 2549
f 1522 1521 1146
f 1146 1143 1522
f 1451 2713 2111
f 1609 1599 1323
f 1323 1320 1609
f 2524 2289 2288
f 2288 2567 2524
f 1516 1515 2318
f 2867 1879 1373
f 1373 124 2867
f 2499 2146 2804
f 2804 215 2499
f 1056 275 1552
f 2487 2678 1530
f 1530 281 2487
f 2681 456 2682
f 2518 2520 327
f 327 2901 2518
f 2475 2444 645
f 2783 2664 2996
f 2996 2917 2783
f 2471 2443 2442
f 2442 475 2471
f 2752 2251 1400
f 1400 1398 2752
f 2328 2616 629
f 2328 629 2386
f 2392 2391 1558
f 1558 613 2392
f 1728 1729 85
f 85 1730 1728
f 1861 1862 1419
f 1419 1420 1861
f 1785 410 1786
f 1794 1793 1792
f 3054 3045 3044
f 3044 3053 3054
f 1868 1867 1430
f 1849 1835 1410
f 1410 1850 1849
f 1704 1691 1695
f 1695 1705 1704
f 2293 2617 572
f 3060 3042 507
f 507 3056 3060
f 2028 2262 470
f 1651 1652 1653
f 1465 1464 1932
f 2884 2944 308
f 308 2883 2884
f 1801 1800 443
f 443 441 1801
f 1524 1523 1094
f 2879 2375 2106
f 1373 2782 2664
f 1817 1816 1383
f 1820 537 1817
f 1817 1383 1820
f 2914 3001 368
f 2913 2914 368
f 2927 2926 2928
f 1234 1238 1544
f 1544 1615 1234
f 2372 2817 2373
f 2540 2541 1535
f 1535 2977 2540
f 1596 1595 2530
f 2839 1563 1221
f 1221 3041 2839
f 1879 2867 124
f 124 1373 1879
f 2397 2318 1515
f 1515 1537 2397
f 1049 1052 1555
f 1555 1608 1049
f 2444 2475 645
f 1218 1221 1563
f 1563 2839 1218
f 2439 2553 1635
f 1635 611 2439
f 1601 1523 1094
f 1094 1097 1601
f 1829 1828 1403
f 1403 1831 1829
f 2448 2545 2636
f 2449 2448 2636
f 1671 1670 1672
f 1680 1671 1672
f 1143 1146 1521
f 1521 1522 1143
f 1999 1984 1996
f 1996 2000 1999
f 2595 2382 1443
f 1443 651 2595
f 1743 1745 1506
f 1506 1744 1743
f 1830 1846 526
f 1557 1556 2120
f 2120 2117 1557
f 1670 1671 1680
f 1680 1672 1670
f 2377 2585 2376
f 2558 2842 279
f 279 2807 2558
f 2795 2772 2771
f 2771 2794 2795
f 2806 2657 224
f 224 2805 2806
f 2261 2260 2259
f 2799 2578 2581
f 2843 1742 249
f 249 250 2843
f 1151 1163 3058
f 1153 1151 3058
f 2426 2497 545
f 545 548 2426
f 2466 2834 1795
f 1795 1539 2466
f 2435 2878 599
f 2730 2732 553
f 2730 553 2802
f 1627 1607 1339
f 426 1795 1796
f 2764 2770 2769
f 2769 2762 2764
f 1818 1816 1386
f 1383 1820 1818
f 1818 1386 1383
f 1238 3050 1545
f 1545 1544 1238
f 2480 2479 1553
f 1553 1614 2480
f 2215 2219 2956
f 2956 2760 2215
f 1534 1533 1277
f 1277 1274 1534
f 3038 1620 1296
f 1296 3039 3038
f 2318 2397 1537
f 1537 1516 2318
f 1539 1795 2466
f 1576 1563 1221
f 1221 1218 1576
f 1619 1562 1140
f 2615 2818 1585
f 1585 3004 2615
f 2519 2518 2901
f 2258 2257 2256
f 2256 2255 2258
f 1534 1533 1277
f 1277 1274 1534
f 1320 1323 1599
f 1599 1609 1320
f 1218 1221 1563
f 1563 1576 1218
f 2497 2426 2425
f 2425 545 2497
f 2114 2115 1542
f 1542 1565 2114
f 301 2596 2597
f 2008 2009 1730
f 1730 2005 2008
f 2562 2471 456
f 456 1406 2562
f 2513 2515 317
f 317 2683 2513
f 3061 1256 1258
f 1258 3032 3061
f 2434 2433 2432
f 2819 2253 2254
f 2667 2705 2704
f 2704 1547 2667
f 1218 3041 2839
f 2749 2912 2911
f 2911 2747 2749
f 2831 2651 288
f 1186 1187 1518
f 1518 1564 1186
f 3052 1071 1074
f 1074 3024 3052
f 2737 293 2738
f 2008 2009 1490
f 1490 1491 2008
f 1056 275 1552
f 3031 3061 3032
f 2028 2031 467
f 467 470 2028
f 2124 2123 1527
f 1527 1528 2124
f 351 2905 2489
f 1567 2812 2527
f 2526 2325 2324
f 2324 2525 2526
f 1438 1434 1872
f 1851 1840 659
f 659 1856 1851
f 1564 1574 1186
f 1049 2841 2808
f 1782 1783 1784
f 1784 402 1782
f 2668 2669 2658
f 2658 645 2668
f 2309 2759 2312
f 2114 2115 1565
f 2402 2401 1019
f 1019 2400 2402
f 1681 1674 1673
f 1673 1682 1681
f 2173 2572 1400
f 2741 2278 564
f 1522 1521 1146
f 1146 1143 1522
f 2417 2418 2677
f 2677 1559 2417
f 3048 3016 1196
f 1196 1618 3048
f 2382 2595 651
f 651 1443 2382
f 2442 478 2443
f 1679 1684 1677
f 2832 2669 2658
f 2658 643 2832
f 2411 2438 2412
f 1594 1578 2387
f 2297 2298 1526
f 1526 2296 2297
f 2473 197 2474
f 2613 2820 2610
f 1574 1517 1187
f 1187 1186 1574
f 2251 2369 2368
f 2368 2824 2251
f 3029 3023 3022
f 3022 3057 3029
f 3047 3059 1206
f 1206 3046 3047
f 2312 2311 611
f 611 3062 2309
f 2309 2312 611
f 1327 1329 478
f 1274 1277 1533
f 1533 1534 1274
f 2289 2290 1471
f 1471 2949 2289
f 1288 1286 2343
f 1788 1789 1787
f 2431 2591 2590
f 2590 2429 2431
f 2731 2730 2803
f 2803 553 2731
f 1151 3023 3022
f 3022 1153 1151
f 1805 1804 1352
f 1352 1808 1805
f 2392 2391 1558
f 1558 613 2392
f 1576 2839 1218
f 2324 2660 2325
f 1329 1327 478
f 2529 2308 1426
f 1426 1423 2529
f 2586 2753 499
f 499 502 2586
f 1932 1931 1464
f 1464 1465 1932
f 1539 2465 2466
f 2327 2326 1600
f 1600 2462 2327
f 3041 1218 2839
f 2391 2547 2663
f 2663 2390 2391
f 2441 2480 1614
f 1614 1553 2441
f 2437 2436 1581
f 1581 1582 2437
f 1474 1476 2469
f 2948 2268 354
f 354 2947 2948
f 100 2817 2372
f 3039 3037 1301
f 1301 3013 3039
f 1296 3037 3039
f 1807 1815 1813
f 1808 1352 1815
f 1815 1807 1808
f 1845 1850 1410
f 1921 1449 1908
f 1910 1921 1908
f 1449 1724 1709
f 1890 1919 1449
f 1449 1889 1890
f 1996 418 2001
f 2001 2000 1996
f 1794 1481 2000
f 2000 418 1794
f 1794 418 1793
f 1666 1667 46
f 2826 2825 2302
f 2302 2301 2826
f 1585 3005 3004
f 1696 1703 1705
f 1705 1695 1696
f 1707 1708 1688
f 1688 1690 1707
f 434 432 435
f 434 432 1797
f 1490 1740 92
f 92 1733 1490
f 410 1785 1788
f 1788 1785 410
f 1714 77 1722
f 402 1462 401
f 2686 1017 1019
f 1019 3035 2686
f 2983 2715 2718
f 1597 1600 2326
f 2326 2327 1597
f 2708 2991 2336
f 2336 2709 2708
f 2384 2484 2483
f 2483 1312 2384
f 2862 2863 292
f 2845 2973 2846
f 3056 1561 1303
f 1303 3060 3056
